participant_id,trial_number,distribution_type,first_option,second_option,chosen_type,ball_weight,action_selection_conf,success_prediction_conf,balls_in_box,trial_success,trial_reward,cumulative_reward,action_conf_selection_time,action_conf_confirmation_time,prediction_conf_selection_time,prediction_conf_confirmation_time
217,1,narrow_low,wide_high,narrow_low,narrow_low,0.2167358380319801,1.0,1.0,0.0,False,0.0,0.0,8.115999937057495,9.164999961853027,3.7990002632141113,4.715000152587891
217,2,narrow_low,narrow_low,wide_high,narrow_low,0.2271749797770149,3.0,3.0,1.0,False,10.0,10.0,9.516000032424929,10.648000001907349,1.3329999446868896,4.515000104904175
217,3,wide_low,wide_low,wide_high,wide_low,0.3037463362826045,5.0,5.0,1.0,False,11.0,21.0,4.91700005531311,5.664999961853027,3.3819997310638428,3.8989996910095215
217,4,wide_low,wide_low,narrow_high,wide_low,0.1521606239803447,6.0,6.0,1.0,False,11.0,32.0,3.3320000171661377,5.047999858856201,1.6159999370574951,2.0820000171661377
217,5,wide_low,wide_low,narrow_high,wide_low,0.2411641824669738,6.0,6.0,0.0,False,0.0,32.0,2.116000175476074,2.382000207901001,0.7680001258850098,1.0490000247955322
217,6,wide_high,wide_low,wide_high,wide_high,0.2398203370213144,3.0,3.0,1.0,False,18.0,50.0,3.815999984741211,4.7149999141693115,3.065999984741211,3.5320000648498535
217,7,wide_high,wide_low,wide_high,wide_high,0.363168294136639,5.0,5.0,0.0,False,0.0,50.0,2.7829999923706055,3.1319997310638428,0.3330001831054687,0.7150001525878906
217,8,narrow_low,wide_high,narrow_low,narrow_low,0.2015793903326541,5.0,5.0,1.0,False,10.0,60.0,2.9820003509521484,5.049000263214111,1.7330000400543213,2.065999984741211
217,9,narrow_high,wide_high,narrow_high,narrow_high,0.294331596868091,4.0,4.0,1.0,False,14.0,74.0,17.331000089645386,18.312999963760376,0.9330000877380372,1.315999984741211
217,10,narrow_high,narrow_high,narrow_low,narrow_high,0.268415907586417,5.0,5.0,1.0,False,14.0,88.0,2.3489999771118164,2.7659997940063477,0.7839999198913574,1.0999999046325684
217,11,narrow_high,narrow_high,wide_high,narrow_high,0.3159315080602746,5.0,5.0,0.0,False,0.0,88.0,2.500000238418579,3.06600022315979,0.6000001430511475,1.0490000247955322
217,12,narrow_low,narrow_low,wide_high,narrow_low,0.2273609064251644,4.0,4.0,1.0,False,10.0,98.0,8.999000072479248,9.348000288009644,1.0849997997283936,1.431999921798706
217,13,wide_low,wide_high,wide_low,wide_low,0.2474077478349061,5.0,5.0,0.0,False,0.0,98.0,2.449000120162964,2.8980002403259277,0.0140001773834228,0.7000000476837158
217,14,narrow_low,narrow_high,narrow_low,narrow_low,0.2043674689090353,4.0,4.0,1.0,False,10.0,108.0,4.249000072479248,4.61400032043457,0.6510000228881836,0.8330001831054688
217,15,wide_low,narrow_low,wide_low,wide_low,0.2041681348225749,5.0,5.0,1.0,False,11.0,119.0,6.281999826431274,7.164000034332275,1.3840000629425049,2.0329999923706055
217,16,narrow_low,narrow_low,wide_high,narrow_low,0.1993275147677813,6.0,6.0,1.0,False,10.0,129.0,4.250000238418579,5.0329999923706055,0.7160000801086426,1.067000150680542
217,17,wide_low,narrow_high,wide_low,wide_low,0.1837541461125535,6.0,6.0,1.0,False,11.0,140.0,2.251000165939331,2.683000087738037,1.1499998569488523,1.4660000801086426
217,18,wide_low,narrow_high,wide_low,wide_low,0.1827824440384026,5.0,6.0,1.0,False,11.0,151.0,1.4670000076293943,2.0,2.0989999771118164,2.8320000171661377
217,19,narrow_low,narrow_low,wide_high,narrow_low,0.2356670072189227,6.0,6.0,1.0,False,10.0,161.0,2.115999937057495,2.4489998817443848,0.4980001449584961,0.8480000495910645
217,20,narrow_high,wide_high,narrow_high,narrow_high,0.3223753672427902,4.0,4.0,0.0,False,0.0,161.0,1.9150002002716064,2.2980000972747803,0.567000150680542,0.8989999294281006
217,21,wide_low,narrow_low,wide_low,wide_low,0.2052679476449675,5.0,5.0,1.0,False,11.0,172.0,3.965999841690063,5.197999954223633,0.9330000877380372,1.316999912261963
217,22,narrow_low,narrow_high,narrow_low,narrow_low,0.2452802263994408,6.0,5.0,1.0,False,10.0,182.0,4.7820000648498535,5.582000017166138,5.183000087738037,5.765999794006348
217,23,narrow_high,narrow_high,wide_high,narrow_high,0.3200183261023439,6.0,4.0,0.0,False,0.0,182.0,4.898000240325928,5.748000144958496,1.932999849319458,2.615000009536743
217,24,wide_low,wide_low,narrow_low,wide_low,0.2208392922710096,5.0,4.0,1.0,False,11.0,193.0,4.115999937057495,4.448999881744385,1.3999998569488523,1.7989997863769531
217,25,wide_low,wide_high,wide_low,wide_low,0.2254402339457864,6.0,5.0,1.0,False,11.0,204.0,1.766000270843506,2.116000175476074,4.0329999923706055,4.299999952316284
217,26,narrow_low,narrow_high,narrow_low,narrow_low,0.2089214556144632,6.0,5.0,1.0,False,10.0,214.0,1.5820000171661377,2.2660000324249268,1.699000120162964,2.266000270843506
217,27,wide_low,wide_low,narrow_high,wide_low,0.1637061227166085,6.0,5.0,0.0,False,0.0,214.0,2.8320000171661377,3.630999803543091,0.3340001106262207,0.7000000476837158
217,28,narrow_low,narrow_high,narrow_low,narrow_low,0.2116343278508934,6.0,4.0,1.0,False,10.0,224.0,1.182999849319458,1.431999921798706,1.4660000801086426,1.8320000171661377
217,29,wide_low,narrow_high,wide_low,wide_low,0.139746316102389,5.0,4.0,1.0,False,11.0,235.0,108.1010000705719,108.5860002040863,1.5,1.6989998817443848
217,30,narrow_high,narrow_high,narrow_low,narrow_high,0.2748599050372961,4.0,4.0,0.0,False,0.0,235.0,3.649000406265259,4.498000144958496,1.0499999523162842,1.3989996910095217
217,31,narrow_low,narrow_low,wide_high,narrow_low,0.2060793697348462,6.0,5.0,0.0,False,0.0,235.0,5.7669997215271,6.115999698638916,1.4670000076293943,1.6159999370574951
217,32,wide_low,wide_high,wide_low,wide_low,0.1872459458435897,6.0,5.0,1.0,False,11.0,246.0,1.5,1.931999921798706,1.7009999752044678,2.299999952316284
217,33,narrow_low,wide_high,narrow_low,narrow_low,0.2204707613691196,6.0,5.0,1.0,False,10.0,256.0,3.615000009536743,3.848999977111816,1.2839999198913574,1.5489997863769531
217,34,wide_low,narrow_low,wide_low,wide_low,0.263445628656876,5.0,6.0,0.0,False,0.0,256.0,2.3320000171661377,3.5320000648498535,2.2839999198913574,2.4830000400543213
217,35,wide_low,narrow_high,wide_low,wide_low,0.203266062904552,6.0,5.0,1.0,False,11.0,267.0,11.783999919891356,13.04699993133545,1.2999999523162842,1.6649999618530271
217,36,narrow_high,narrow_high,wide_high,narrow_high,0.294954158172947,5.0,5.0,1.0,False,14.0,281.0,1.4829998016357422,1.682999849319458,1.3499999046325684,1.7840001583099363
217,37,narrow_high,wide_high,narrow_high,narrow_high,0.2952616206858592,6.0,5.0,1.0,False,14.0,295.0,1.381999969482422,2.2809998989105225,1.8329999446868896,2.097999811172486
217,38,wide_low,wide_low,narrow_low,wide_low,0.242373828054262,6.0,5.0,1.0,False,11.0,306.0,1.7989997863769531,2.0830001831054688,1.3499999046325684,1.5490000247955322
217,39,narrow_high,narrow_high,wide_high,narrow_high,0.2498954751883598,6.0,5.0,1.0,False,14.0,320.0,1.7180001735687256,1.950000047683716,2.049999713897705,2.3819997310638428
217,40,narrow_high,wide_high,narrow_high,narrow_high,0.3230893503523376,6.0,5.0,0.0,False,0.0,320.0,1.9159996509552,2.200000047683716,2.3339998722076416,2.7330000400543213
217,41,narrow_high,wide_high,narrow_high,narrow_high,0.2686736295551907,6.0,5.0,1.0,False,14.0,334.0,3.950000286102295,4.449000120162964,1.1820001602172852,1.449000120162964
217,42,narrow_high,narrow_high,wide_low,narrow_high,0.3051734577534018,6.0,5.0,1.0,False,14.0,348.0,8.89900016784668,9.182000160217283,1.266000270843506,1.464000225067139
217,43,narrow_high,narrow_high,narrow_low,narrow_high,0.2698806330500134,4.0,5.0,1.0,False,14.0,362.0,1.5840001106262207,2.199000120162964,2.9670002460479736,3.182000160217285
217,45,wide_low,wide_high,wide_low,wide_low,0.2188566612405914,6.0,5.0,1.0,True,11.0,373.0,0.4670000076293945,0.7829999923706055,0.8339998722076416,1.0659997463226318
217,46,narrow_low,wide_high,narrow_low,narrow_low,0.2110890638524329,6.0,5.0,0.0,False,0.0,373.0,2.8499999046325684,3.132999897003174,0.2839996814727783,0.4669997692108154
217,47,narrow_low,wide_high,narrow_low,narrow_low,0.2583982755750435,6.0,5.0,0.0,False,0.0,373.0,1.7980000972747805,2.0500001907348633,0.0179998874664306,0.4839999675750732
217,48,wide_low,wide_high,wide_low,wide_low,0.1796351244284395,5.0,4.0,1.0,True,11.0,384.0,4.734000205993652,5.06600022315979,0.5,0.9830000400543212
217,49,narrow_high,narrow_high,wide_high,narrow_high,0.3124363349131739,6.0,5.0,0.0,False,0.0,384.0,0.3650000095367431,0.6489999294281006,0.0499999523162841,0.5329999923706055
217,50,wide_low,wide_high,wide_low,wide_low,0.2715667201713654,6.0,4.0,1.0,True,11.0,395.0,1.3329999446868896,1.566999912261963,1.681999921798706,1.8650000095367432
217,51,narrow_low,narrow_low,wide_high,narrow_low,0.2196649984855093,6.0,5.0,1.0,True,10.0,405.0,1.815999984741211,2.431999921798706,1.181999921798706,1.4150002002716064
217,52,narrow_high,narrow_high,wide_low,narrow_high,0.2876967272600834,5.0,4.0,1.0,True,14.0,419.0,1.9000003337860107,2.067000150680542,1.0340001583099363,1.184000015258789
217,53,wide_low,wide_low,narrow_low,wide_low,0.2620274667494056,6.0,5.0,1.0,True,11.0,430.0,1.7339999675750732,2.499000072479248,1.4509999752044678,1.7829999923706057
217,55,narrow_high,narrow_high,wide_low,narrow_high,0.2896058470409265,5.0,6.0,1.0,True,14.0,462.0,3.3510000705718994,3.566999912261963,1.3350000381469729,1.6500000953674316
217,56,wide_high,narrow_high,wide_high,wide_high,0.334858449199545,5.0,4.0,0.0,False,0.0,462.0,3.316999912261963,3.7819998264312744,0.9010000228881836,1.1660001277923584
217,57,narrow_high,narrow_high,narrow_low,narrow_high,0.3220179282459756,5.0,4.0,0.0,False,0.0,462.0,1.4149999618530271,1.7149996757507324,4.132999897003174,4.299999952316284
217,58,wide_low,narrow_high,wide_low,wide_low,0.2280536584107313,5.0,5.0,1.0,True,11.0,473.0,1.5679998397827148,1.7999999523162842,1.2170002460479736,1.5330002307891846
217,59,wide_low,wide_low,narrow_low,wide_low,0.3227245228460528,5.0,4.0,0.0,False,0.0,473.0,1.7150001525878906,1.9649999141693115,0.0669996738433837,0.3519999980926513
217,60,narrow_high,wide_high,narrow_high,narrow_high,0.2977014037097882,5.0,4.0,1.0,True,14.0,487.0,2.798999786376953,3.1649999618530273,0.0370001792907714,0.1830000877380371
217,61,narrow_high,wide_low,narrow_high,narrow_high,0.2938072765538346,5.0,5.0,1.0,True,14.0,501.0,0.9160001277923584,1.1820001602172852,0.0299997329711914,0.0349998474121093
217,62,narrow_low,narrow_low,narrow_high,narrow_low,0.2474419995762437,6.0,5.0,0.0,False,0.0,501.0,0.9170002937316896,1.2340002059936523,1.6339998245239258,1.8329999446868896
217,63,narrow_high,narrow_high,wide_low,narrow_high,0.2864601977341155,5.0,4.0,1.0,True,14.0,515.0,1.25,1.5159997940063477,0.5180001258850098,0.7000000476837158
217,64,wide_low,narrow_low,wide_low,wide_low,0.1477815938014082,5.0,5.0,1.0,True,11.0,526.0,1.7990000247955322,2.8989996910095215,2.4670000076293945,2.7319998741149902
217,65,narrow_high,narrow_high,wide_low,narrow_high,0.2829465368271898,5.0,5.0,1.0,True,14.0,540.0,1.684000015258789,2.115999937057495,2.8999998569488525,3.0829999446868896
217,66,wide_high,wide_high,narrow_high,wide_high,0.2300032361944541,4.0,4.0,1.0,True,18.0,558.0,1.7650001049041748,1.997999906539917,1.1499998569488523,1.368000030517578
217,67,wide_low,narrow_high,wide_low,wide_low,0.1711567368894265,6.0,5.0,1.0,True,11.0,569.0,1.815999984741211,2.0820000171661377,0.0160000324249267,0.0210001468658447
217,68,wide_low,narrow_low,wide_low,wide_low,0.3454681363950477,5.0,4.0,0.0,False,0.0,569.0,0.3340001106262207,0.6170003414154053,0.0420000553131103,0.0510001182556152
217,69,narrow_high,narrow_high,wide_high,narrow_high,0.2930139489467629,5.0,5.0,1.0,True,14.0,583.0,1.3839998245239258,2.5,1.3319997787475586,1.5989999771118164
217,70,wide_low,wide_low,narrow_low,wide_low,0.257502698308228,5.0,5.0,0.0,False,0.0,583.0,2.499000072479248,3.0329999923706055,0.3819999694824219,0.5820000171661377
217,71,wide_low,wide_high,wide_low,wide_low,0.1935549518835227,5.0,5.0,1.0,True,11.0,594.0,1.9489998817443848,2.115999698638916,0.5500001907348633,0.8169999122619629
217,72,narrow_low,narrow_high,narrow_low,narrow_low,0.2212924716382656,5.0,5.0,1.0,True,10.0,604.0,1.815999984741211,2.699000120162964,2.582000255584717,2.8490002155303955
217,73,narrow_low,narrow_low,narrow_high,narrow_low,0.2071102087354149,3.0,5.0,1.0,True,10.0,614.0,2.133999824523926,2.3990001678466797,5.0329999923706055,5.365999937057495
217,74,wide_low,wide_low,narrow_low,wide_low,0.1697671777140613,5.0,5.0,1.0,True,11.0,625.0,2.749000310897827,3.932000160217285,1.1000001430511477,1.25
217,75,narrow_high,narrow_high,wide_high,narrow_high,0.3303143250112578,5.0,5.0,0.0,False,0.0,625.0,1.682999849319458,2.0160000324249268,1.4819998741149902,1.7819998264312744
217,76,narrow_low,narrow_high,narrow_low,narrow_low,0.2026307081051458,6.0,5.0,1.0,True,10.0,635.0,2.7839999198913574,3.0,0.0190000534057617,0.0249998569488525
217,77,narrow_high,narrow_high,wide_low,narrow_high,0.3065342814270432,5.0,4.0,1.0,True,14.0,649.0,1.9659998416900637,2.3499999046325684,0.0199999809265136,0.0299997329711914
217,78,narrow_high,narrow_low,narrow_high,narrow_high,0.2761049250739926,5.0,5.0,1.0,True,14.0,663.0,1.9670000076293943,2.232999801635742,0.7669997215270996,0.9659998416900636
217,79,narrow_high,narrow_high,wide_high,narrow_high,0.2820645547525112,5.0,5.0,0.0,False,0.0,663.0,1.6659998893737793,1.8989999294281008,0.8179998397827148,1.25
217,80,wide_low,wide_low,narrow_high,wide_low,0.111679894168089,5.0,5.0,1.0,True,11.0,674.0,1.431999921798706,1.7149999141693115,0.0199999809265136,0.0259997844696044
217,81,narrow_high,wide_high,narrow_high,narrow_high,0.2976268492088591,5.0,5.0,1.0,True,14.0,688.0,5.0829997062683105,5.365999937057495,0.503000020980835,0.6500000953674316
217,82,narrow_high,wide_high,narrow_high,narrow_high,0.2803189915830721,5.0,5.0,1.0,True,14.0,702.0,3.2660000324249268,3.5820000171661377,1.3159997463226318,1.5169999599456787
217,84,narrow_low,narrow_high,narrow_low,narrow_low,0.2278654438106047,5.0,5.0,1.0,True,10.0,722.0,1.7009999752044678,2.049999952316284,1.299000263214111,1.631000280380249
217,85,wide_low,wide_low,narrow_low,wide_low,0.252915982203035,5.0,5.0,1.0,True,11.0,733.0,1.8500001430511477,2.0160000324249268,3.2160000801086426,3.383000135421753
217,86,wide_low,wide_low,wide_high,wide_low,0.2925421026229818,6.0,5.0,1.0,True,11.0,744.0,2.466999769210815,3.681999683380127,2.2319998741149902,2.499000072479248
217,87,wide_low,wide_low,narrow_low,wide_low,0.1953648498425512,5.0,5.0,0.0,False,0.0,744.0,1.7170000076293943,1.9660000801086424,0.4659998416900635,0.7830002307891846
217,88,narrow_high,narrow_low,narrow_high,narrow_high,0.3040354111318278,5.0,5.0,0.0,False,0.0,744.0,1.6159999370574951,2.1510000228881836,0.866999626159668,1.182999849319458
217,89,wide_low,wide_low,wide_high,wide_low,0.2373666371659917,6.0,5.0,1.0,True,11.0,755.0,2.199000120162964,2.515000104904175,0.2670001983642578,0.9650001525878906
217,90,narrow_low,narrow_low,wide_high,narrow_low,0.2021656901992908,5.0,5.0,1.0,True,10.0,765.0,3.315999984741211,3.5820000171661377,0.8830001354217529,1.0
217,91,wide_low,wide_low,wide_high,wide_low,0.2525267817526818,5.0,6.0,1.0,True,11.0,776.0,1.2160000801086426,1.433000087738037,1.001999855041504,1.3499999046325684
217,92,narrow_high,narrow_high,narrow_low,narrow_high,0.297235160757315,5.0,5.0,0.0,False,0.0,776.0,1.432999849319458,1.631999969482422,0.5849997997283936,1.0
217,93,narrow_high,narrow_high,wide_high,narrow_high,0.3086933464394775,6.0,5.0,1.0,True,14.0,790.0,1.5999999046325684,1.7829997539520264,0.1499998569488525,0.3499999046325683
217,94,narrow_low,narrow_low,wide_high,narrow_low,0.2560676737215779,6.0,5.0,1.0,True,10.0,800.0,1.4170002937316897,1.633000373840332,0.0230000019073486,0.0340001583099365
217,95,narrow_low,narrow_low,narrow_high,narrow_low,0.21373396224734,5.0,5.0,1.0,True,10.0,810.0,1.9000000953674316,2.699000120162964,0.815000057220459,1.4649999141693115
217,97,narrow_low,narrow_low,narrow_high,narrow_low,0.2506332668138605,2.0,2.0,1.0,True,10.0,834.0,2.0319998264312744,3.3980000019073486,2.9159996509552,3.8320000171661377
217,98,narrow_high,narrow_high,wide_high,narrow_high,0.3167701945159824,5.0,5.0,0.0,False,0.0,834.0,4.848999977111816,5.848999977111816,0.617999792098999,0.931999921798706
217,99,narrow_low,narrow_low,wide_high,narrow_low,0.2033691187235093,6.0,5.0,0.0,False,0.0,834.0,1.93500018119812,2.183000087738037,0.0269999504089355,0.0350000858306884
217,100,wide_low,narrow_high,wide_low,wide_low,0.2225231124693104,5.0,5.0,1.0,True,11.0,845.0,1.0160000324249268,1.364999771118164,2.4659998416900635,2.6659998893737793
217,101,wide_low,wide_low,narrow_high,wide_low,0.2089994085755524,6.0,5.0,0.0,False,0.0,845.0,1.8490002155303955,2.132000207901001,0.0420002937316894,0.0559999942779541
217,102,wide_low,narrow_high,wide_low,wide_low,0.2913826697286668,5.0,5.0,0.0,False,0.0,845.0,2.065999984741211,2.2819998264312744,1.0179998874664309,1.3489999771118164
217,103,wide_low,wide_low,wide_high,wide_low,0.2716072277464277,4.0,4.0,1.0,True,11.0,856.0,2.634000062942505,3.2159998416900635,0.9140000343322754,1.180999994277954
217,104,narrow_low,narrow_low,narrow_high,narrow_low,0.1756936243918955,6.0,4.0,0.0,False,0.0,856.0,0.6669998168945312,0.8819999694824219,0.9170000553131104,1.1159999370574951
217,105,wide_low,wide_high,wide_low,wide_low,0.2873686823883435,6.0,5.0,1.0,True,11.0,867.0,2.716999769210815,2.9659998416900635,0.999000072479248,1.2150001525878906
217,106,wide_low,narrow_low,wide_low,wide_low,0.1914550104101064,5.0,5.0,0.0,False,0.0,867.0,1.7170002460479736,1.949000358581543,0.7999999523162842,0.9320001602172852
217,107,narrow_low,narrow_low,wide_high,narrow_low,0.2445380074133702,6.0,5.0,1.0,True,10.0,877.0,3.883000135421753,4.132000207901001,0.1489999294281005,0.4649999141693115
217,108,wide_high,wide_low,wide_high,wide_high,0.2742318456403843,3.0,3.0,0.0,False,0.0,877.0,2.616000175476074,3.265000104904175,1.0,1.2160000801086426
220,1,narrow_high,narrow_high,wide_high,narrow_high,0.3204160489008903,4.0,5.0,0.0,False,0.0,0.0,15.97099995613098,17.161999702453613,24.07799983024597,25.301999807357788
220,2,wide_low,narrow_high,wide_low,wide_low,0.2551498787338883,6.0,5.0,1.0,False,11.0,11.0,2.995000123977661,6.744000196456909,5.306000232696533,6.391999959945679
220,3,narrow_low,narrow_low,wide_low,narrow_low,0.2160911574888919,3.0,6.0,1.0,False,10.0,21.0,11.543999910354614,12.506999731063845,1.9620001316070557,3.7300000190734863
220,4,narrow_high,narrow_high,wide_low,narrow_high,0.3172722239627139,6.0,3.0,0.0,False,0.0,21.0,3.3989999294281006,4.203999996185303,2.2259998321533203,3.1009998321533203
220,5,narrow_low,wide_low,narrow_low,narrow_low,0.202688626825879,4.0,6.0,1.0,False,10.0,31.0,6.0289998054504395,6.746999740600586,3.607999801635742,4.448999881744385
220,6,wide_high,narrow_high,wide_high,wide_high,0.2647822643752282,6.0,3.0,1.0,False,18.0,49.0,1.823000192642212,2.575999975204468,2.7339999675750732,3.75
220,7,narrow_high,narrow_high,narrow_low,narrow_high,0.3105855719767452,6.0,2.0,0.0,False,0.0,49.0,3.9589998722076416,4.886999845504761,2.013999938964844,2.943000078201294
220,8,wide_low,wide_low,narrow_high,wide_low,0.1988770828504504,3.0,5.0,1.0,False,11.0,60.0,14.878000020980837,15.472999811172484,1.874000072479248,2.8550000190734863
220,9,wide_low,wide_low,narrow_low,wide_low,0.2174086381577377,5.0,4.0,1.0,False,11.0,71.0,9.39299988746643,10.425999641418455,3.118000030517578,3.8359999656677246
220,10,wide_high,wide_high,narrow_high,wide_high,0.2488022986443363,6.0,5.0,1.0,False,18.0,89.0,2.6460001468658447,3.626000165939331,5.765000104904175,6.9720001220703125
220,11,narrow_high,wide_low,narrow_high,narrow_high,0.2725685718816247,5.0,3.0,1.0,False,14.0,103.0,16.80400013923645,17.731000185012817,4.58899998664856,5.446999788284302
220,12,wide_high,narrow_low,wide_high,wide_high,0.2440802631038954,6.0,2.0,1.0,False,18.0,121.0,0.9639999866485596,1.7880001068115234,1.3839998245239258,1.9799997806549072
220,13,wide_high,wide_high,narrow_high,wide_high,0.2858423665601008,6.0,2.0,1.0,False,18.0,139.0,1.3840000629425049,2.0500001907348633,2.4700000286102295,3.188999891281128
220,14,wide_high,wide_high,narrow_high,wide_high,0.2648642739280061,6.0,4.0,1.0,False,18.0,157.0,1.50600004196167,2.241999864578247,2.5249998569488525,3.382999897003174
220,15,wide_low,wide_low,narrow_low,wide_low,0.1395675415780674,6.0,4.0,1.0,False,11.0,168.0,4.9079999923706055,5.64300012588501,1.9270002841949463,2.45300030708313
220,16,wide_high,wide_low,wide_high,wide_high,0.2724755497734668,6.0,3.0,1.0,False,18.0,186.0,1.4190001487731934,2.120000123977661,4.3470001220703125,5.187999963760376
220,17,narrow_high,narrow_high,wide_low,narrow_high,0.2657022741921171,6.0,3.0,1.0,False,14.0,200.0,1.7190001010894775,2.681999921798706,3.3999998569488525,4.293999671936035
220,18,wide_high,narrow_high,wide_high,wide_high,0.2467277497897187,6.0,3.0,1.0,False,18.0,218.0,1.436999797821045,2.1039998531341553,5.4679999351501465,6.256999969482422
220,19,wide_high,wide_low,wide_high,wide_high,0.3012563196273312,6.0,2.0,1.0,False,18.0,236.0,4.0320000648498535,4.715000152587891,1.7179996967315674,2.2950000762939453
220,20,narrow_high,narrow_high,wide_low,narrow_high,0.3129708248451802,6.0,2.0,0.0,False,0.0,236.0,1.506999969482422,2.2249999046325684,2.1029999256134033,3.0139997005462646
220,21,narrow_high,narrow_low,narrow_high,narrow_high,0.3271307762660708,6.0,3.0,0.0,False,0.0,236.0,1.3849997520446775,2.068999767303467,1.7890002727508545,2.506999969482422
220,22,wide_high,wide_high,narrow_low,wide_high,0.304416007203049,6.0,2.0,1.0,False,18.0,254.0,1.2269999980926514,1.875,1.3840000629425049,1.7869997024536133
220,23,wide_high,narrow_low,wide_high,wide_high,0.310172830179044,6.0,2.0,0.0,False,0.0,254.0,1.3839998245239258,4.06499981880188,2.5769999027252197,5.116999864578247
220,24,wide_low,wide_low,narrow_low,wide_low,0.1781410135462611,6.0,5.0,1.0,False,11.0,265.0,1.7009999752044678,2.489000082015991,3.2599997520446777,4.73199987411499
220,25,wide_low,narrow_low,wide_low,wide_low,0.349973756401444,6.0,5.0,0.0,False,0.0,265.0,1.2079999446868896,2.4880001544952393,1.9620001316070557,2.2950000762939453
220,26,wide_low,narrow_low,wide_low,wide_low,0.2841405202869209,6.0,4.0,1.0,False,11.0,276.0,1.8919999599456787,2.575999975204468,2.577000141143799,3.277000188827514
220,27,narrow_high,narrow_high,wide_low,narrow_high,0.2842700286754734,6.0,3.0,1.0,False,14.0,290.0,2.997999906539917,3.837999820709229,6.801000118255615,7.466000080108643
220,28,wide_high,narrow_low,wide_high,wide_high,0.3440130639256203,6.0,2.0,0.0,False,0.0,290.0,1.4890000820159912,2.1029999256134033,1.1570000648498535,1.910999774932861
220,29,wide_low,wide_low,narrow_low,wide_low,0.125636143488846,6.0,4.0,1.0,False,11.0,301.0,2.769000291824341,3.4700000286102295,1.2799999713897705,2.2249999046325684
220,30,wide_low,narrow_low,wide_low,wide_low,0.1354545094970621,6.0,4.0,1.0,False,11.0,312.0,2.368000030517578,4.15500020980835,1.7000000476837158,2.4179999828338623
220,31,wide_high,narrow_low,wide_high,wide_high,0.3896508783112908,6.0,2.0,0.0,False,0.0,312.0,1.559000015258789,2.259999990463257,1.454999923706055,2.294999837875366
220,32,wide_high,wide_high,wide_low,wide_high,0.2593167803378331,5.0,2.0,1.0,False,18.0,330.0,2.3489997386932373,3.714999914169311,1.9810001850128176,2.384000062942505
220,33,wide_low,wide_low,narrow_low,wide_low,0.3053956541254981,6.0,4.0,1.0,False,11.0,341.0,2.0339999198913574,2.875,1.0340001583099363,1.683000087738037
220,34,wide_high,narrow_high,wide_high,wide_high,0.3417315726866345,6.0,3.0,0.0,False,0.0,341.0,1.385000228881836,2.190000295639038,4.594000339508057,4.961000204086304
220,35,wide_high,wide_high,wide_low,wide_high,0.2158529333143158,6.0,2.0,1.0,False,18.0,359.0,1.386000156402588,2.629000186920166,0.9119999408721924,1.314000129699707
220,36,narrow_high,narrow_high,narrow_low,narrow_high,0.2903369455230128,6.0,3.0,1.0,False,14.0,373.0,2.5419998168945312,3.383000135421753,4.170000314712524,4.67900013923645
220,37,wide_low,wide_low,narrow_low,wide_low,0.3169512106844569,6.0,4.0,0.0,False,0.0,373.0,1.8220000267028809,4.135999917984009,1.928999900817871,2.435999870300293
220,38,wide_high,wide_high,wide_low,wide_high,0.2609551888649123,6.0,3.0,1.0,False,18.0,391.0,4.943000078201294,5.71399998664856,6.851999759674072,7.499999761581421
220,39,wide_high,wide_high,narrow_high,wide_high,0.1805601231790092,5.0,2.0,1.0,False,18.0,409.0,3.750999927520752,4.135999917984009,2.504999876022339,3.259000062942505
220,40,narrow_high,wide_low,narrow_high,narrow_high,0.3361943466391371,6.0,2.0,0.0,False,0.0,409.0,1.8229997158050537,2.873999834060669,1.244999885559082,1.55899977684021
220,41,narrow_high,narrow_high,narrow_low,narrow_high,0.2744516028957366,5.0,3.0,1.0,False,14.0,423.0,2.051999807357788,2.804999828338623,1.9279999732971191,2.575999975204468
220,42,wide_high,wide_high,wide_low,wide_high,0.2110320600217546,6.0,3.0,1.0,False,18.0,441.0,1.437000036239624,2.4890003204345703,1.069000005722046,1.5240001678466797
220,43,wide_high,narrow_low,wide_high,wide_high,0.2798962697622231,6.0,2.0,1.0,False,18.0,459.0,1.7000000476837158,2.504999876022339,1.7000000476837158,2.365000009536743
220,44,narrow_high,wide_low,narrow_high,narrow_high,0.2907911332778561,6.0,4.0,1.0,False,14.0,473.0,1.3849997520446775,2.138999938964844,5.855999946594238,6.557000160217285
220,45,wide_high,wide_high,narrow_high,wide_high,0.2791933525240409,6.0,2.0,1.0,False,18.0,491.0,1.2270002365112305,1.875000238418579,1.3330001831054688,2.033000230789185
220,46,narrow_high,narrow_high,wide_low,narrow_high,0.2918735422378163,6.0,4.0,1.0,False,14.0,505.0,1.4539997577667236,2.294999837875366,1.068000078201294,1.3670001029968262
220,47,wide_high,narrow_low,wide_high,wide_high,0.2389217603635668,6.0,2.0,1.0,False,18.0,523.0,11.727999925613403,12.623000144958496,1.263000249862671,2.611000061035156
220,48,wide_high,wide_high,narrow_high,wide_high,0.2591852348328494,6.0,3.0,1.0,False,18.0,541.0,3.2779998779296875,4.1539998054504395,2.3470001220703125,3.1539998054504395
220,49,narrow_high,narrow_high,narrow_low,narrow_high,0.2927336166655355,5.0,2.0,1.0,False,14.0,555.0,1.560999870300293,2.3319997787475586,4.539999961853027,5.012999773025513
220,50,wide_high,wide_low,wide_high,wide_high,0.2390920336181351,6.0,4.0,1.0,False,18.0,573.0,11.759999990463257,13.843999862670898,1.3650002479553225,2.119000196456909
220,51,wide_high,wide_high,narrow_high,wide_high,0.2660091925342063,6.0,6.0,1.0,False,18.0,591.0,1.3320002555847168,2.1029999256134033,4.9070000648498535,5.536999940872192
220,52,wide_high,wide_low,wide_high,wide_high,0.2410417042144652,6.0,4.0,1.0,False,18.0,609.0,1.630000114440918,2.277000188827514,4.205000162124634,4.888000011444092
220,53,wide_high,wide_low,wide_high,wide_high,0.276465355735904,6.0,4.0,1.0,False,18.0,627.0,2.3500001430511475,3.049999952316284,1.0510001182556152,1.944000005722046
220,54,wide_high,wide_high,narrow_low,wide_high,0.3263405740222797,6.0,3.0,0.0,False,0.0,627.0,2.2790000438690186,3.3469998836517334,3.260000228881836,4.065000295639038
220,55,wide_high,narrow_high,wide_high,wide_high,0.2701014036951509,6.0,4.0,1.0,False,18.0,645.0,1.191999912261963,2.5950000286102295,3.994999885559082,5.04699969291687
220,56,wide_high,wide_low,wide_high,wide_high,0.3190060386183125,5.0,4.0,0.0,False,0.0,645.0,5.188000202178955,6.153000116348267,2.190999984741211,2.8389999866485596
220,57,wide_high,wide_low,wide_high,wide_high,0.3732208440698836,6.0,2.0,0.0,False,0.0,645.0,1.7350001335144043,2.435999870300293,1.366999864578247,2.0850000381469727
220,58,narrow_high,narrow_high,wide_low,narrow_high,0.2962312333092332,5.0,2.0,1.0,False,14.0,659.0,4.889999866485596,5.205999851226807,1.8219997882843015,2.2249999046325684
220,59,wide_high,narrow_low,wide_high,wide_high,0.279286292122334,6.0,3.0,1.0,False,18.0,677.0,2.577000141143799,3.1720001697540283,2.2080001831054688,2.996000051498413
220,60,wide_high,wide_low,wide_high,wide_high,0.3216159799009464,6.0,3.0,0.0,False,0.0,677.0,1.070000171661377,1.752999782562256,1.2970001697540283,2.015000104904175
220,61,wide_high,wide_high,wide_low,wide_high,0.2273065424209467,6.0,2.0,1.0,False,18.0,695.0,1.490999698638916,2.2089998722076416,1.3500001430511477,1.7880001068115234
220,62,wide_high,wide_low,wide_high,wide_high,0.2136414067091598,6.0,4.0,1.0,False,18.0,713.0,1.4210000038146973,2.191999912261963,4.067000150680542,4.751000165939331
220,63,narrow_high,narrow_high,narrow_low,narrow_high,0.3136869480656637,6.0,4.0,0.0,False,0.0,713.0,1.4210000038146973,3.1549999713897705,1.2800002098083496,1.753000020980835
220,64,narrow_high,narrow_high,wide_low,narrow_high,0.289586811108671,6.0,3.0,1.0,False,14.0,727.0,1.1929998397827148,2.121000051498413,1.4900002479553225,2.120000123977661
220,65,wide_high,wide_low,wide_high,wide_high,0.2037761009456801,6.0,2.0,1.0,False,18.0,745.0,1.1380000114440918,2.049999952316284,1.1040000915527344,1.8389999866485596
220,66,wide_high,wide_low,wide_high,wide_high,0.2559915901729978,6.0,4.0,1.0,False,18.0,763.0,1.4029998779296875,2.3310000896453857,1.998000144958496,2.751000165939331
220,67,narrow_high,narrow_high,narrow_low,narrow_high,0.2811415566624845,6.0,4.0,1.0,False,14.0,777.0,1.4030001163482666,2.3320000171661377,2.5769999027252197,3.7330000400543217
220,68,narrow_high,narrow_low,narrow_high,narrow_high,0.3115156184018304,6.0,5.0,0.0,False,0.0,777.0,1.2630000114440918,2.120999813079834,4.889999866485596,6.519999980926514
220,69,wide_high,wide_low,wide_high,wide_high,0.3068011284151297,3.0,2.0,1.0,False,18.0,795.0,5.085000276565552,5.628000259399414,3.8919999599456783,4.574000120162964
220,70,wide_high,narrow_low,wide_high,wide_high,0.3745956943851415,6.0,3.0,0.0,False,0.0,795.0,2.1040000915527344,2.7339999675750732,2.2769999504089355,2.8910000324249268
220,71,wide_low,wide_low,narrow_low,wide_low,0.2984033409154084,6.0,5.0,1.0,False,11.0,806.0,3.2079999446868896,3.663000106811523,2.6989998817443848,3.1540000438690186
220,72,narrow_high,narrow_high,narrow_low,narrow_high,0.3170854484965898,6.0,4.0,0.0,False,0.0,806.0,1.560999870300293,1.8929998874664309,2.24399995803833,2.873999834060669
220,73,wide_high,narrow_low,wide_high,wide_high,0.3269988214368636,6.0,2.0,0.0,False,0.0,806.0,1.946000337600708,2.366000175476074,0.7539999485015869,1.4190001487731934
220,74,wide_high,narrow_low,wide_high,wide_high,0.2991711543766713,6.0,3.0,1.0,False,18.0,824.0,8.254999876022339,9.234999895095823,3.485999822616577,4.240000009536743
220,75,wide_high,wide_high,narrow_high,wide_high,0.2975196708547536,6.0,4.0,1.0,False,18.0,842.0,1.2980000972747805,2.017000198364258,1.4909999370574951,2.015000104904175
220,76,wide_low,narrow_low,wide_low,wide_low,0.1633988382295331,6.0,5.0,1.0,False,11.0,853.0,1.1570000648498535,1.805000066757202,1.123000144958496,1.7890002727508545
220,77,wide_high,wide_high,narrow_high,wide_high,0.4376232737667765,6.0,4.0,0.0,False,0.0,853.0,2.419999837875366,3.9800000190734863,2.384999990463257,3.1549999713897705
220,78,narrow_high,narrow_high,narrow_low,narrow_high,0.2759557575487403,6.0,3.0,1.0,False,14.0,867.0,4.4709999561309814,5.486999988555908,2.121999979019165,2.506999969482422
220,79,narrow_high,narrow_low,narrow_high,narrow_high,0.3142664578777158,6.0,3.0,0.0,False,0.0,867.0,1.683000087738037,2.3480000495910645,3.330999851226806,4.066999673843384
220,80,wide_low,narrow_low,wide_low,wide_low,0.252179603855572,6.0,2.0,1.0,False,11.0,878.0,2.8409998416900635,3.628999948501587,1.875999927520752,2.190999746322632
220,81,wide_high,wide_low,wide_high,wide_high,0.2370888851449421,6.0,2.0,1.0,False,18.0,896.0,1.5239999294281006,2.18999981880188,1.2630000114440918,1.5950000286102295
220,82,narrow_high,narrow_high,narrow_low,narrow_high,0.2900467710395782,6.0,4.0,1.0,False,14.0,910.0,2.138000011444092,2.927000045776367,2.488999843597412,2.7689998149871826
220,83,narrow_high,narrow_high,wide_low,narrow_high,0.3033733689554472,6.0,3.0,1.0,False,14.0,924.0,1.175999879837036,1.8239998817443848,5.38100004196167,5.714000225067139
220,84,narrow_high,narrow_high,narrow_low,narrow_high,0.3001195309570901,5.0,3.0,1.0,False,14.0,938.0,3.242999792098999,3.5239996910095215,1.7700002193450928,2.5419998168945312
220,85,wide_high,wide_high,narrow_high,wide_high,0.3212419945142105,6.0,4.0,0.0,False,0.0,938.0,1.191999912261963,2.0339999198913574,1.1410000324249268,2.506999969482422
220,86,narrow_high,wide_low,narrow_high,narrow_high,0.2819889732945847,6.0,3.0,1.0,False,14.0,952.0,2.419999837875366,3.0159997940063477,2.1550002098083496,2.819999933242798
220,87,wide_high,wide_high,narrow_low,wide_high,0.263617901487545,6.0,3.0,1.0,False,18.0,970.0,3.752000093460083,4.383000135421753,2.4189999103546143,3.1019999980926514
220,88,wide_high,narrow_high,wide_high,wide_high,0.2607776696020307,6.0,3.0,1.0,False,18.0,988.0,1.190999984741211,1.9100000858306885,1.437000036239624,1.9619998931884768
220,89,wide_high,wide_high,narrow_low,wide_high,0.3264840499617163,6.0,6.0,0.0,False,0.0,988.0,3.6459996700286865,4.329999685287476,9.060999870300291,9.760999917984009
220,90,narrow_high,narrow_high,narrow_low,narrow_high,0.2796305115735015,6.0,2.0,1.0,False,14.0,1002.0,1.24399995803833,1.9619998931884768,0.9819998741149902,1.5239999294281006
220,91,narrow_high,narrow_high,narrow_low,narrow_high,0.3077641723661903,6.0,4.0,1.0,False,14.0,1016.0,1.1570000648498535,1.559000015258789,0.753000020980835,1.121000051498413
220,92,narrow_high,narrow_high,wide_low,narrow_high,0.296222677500431,6.0,3.0,1.0,False,14.0,1030.0,1.0859999656677246,1.7349998950958252,2.875,3.7680001258850098
220,93,wide_high,narrow_high,wide_high,wide_high,0.2836464797000107,6.0,3.0,1.0,False,18.0,1048.0,1.1389999389648438,1.8220000267028809,2.680999755859375,3.3459999561309814
220,94,wide_high,wide_high,narrow_high,wide_high,0.2602199558231782,6.0,4.0,1.0,False,18.0,1066.0,1.24399995803833,1.9800000190734863,3.2779998779296875,3.802999973297119
220,95,wide_high,narrow_low,wide_high,wide_high,0.2710403219509031,6.0,3.0,1.0,False,18.0,1084.0,1.1390001773834229,1.6119999885559082,2.4019999504089355,3.0320000648498535
220,96,wide_low,wide_low,narrow_low,wide_low,0.339725460513102,6.0,2.0,0.0,False,0.0,1084.0,1.0520000457763672,1.6649999618530271,0.9119999408721924,1.559000015258789
220,97,narrow_high,narrow_high,narrow_low,narrow_high,0.2596280859678201,6.0,2.0,1.0,False,14.0,1098.0,1.315000057220459,2.119999885559082,1.647000074386597,2.171999931335449
220,98,wide_high,wide_low,wide_high,wide_high,0.3794329702164306,6.0,4.0,0.0,False,0.0,1098.0,1.1729998588562012,1.5940001010894775,3.611000061035156,4.294000148773193
220,99,wide_high,wide_low,wide_high,wide_high,0.3356291468874675,6.0,2.0,0.0,False,0.0,1098.0,3.1540000438690186,4.169999837875366,0.7880001068115234,1.4709999561309814
220,100,wide_low,wide_low,narrow_low,wide_low,0.1881349361989645,3.0,2.0,1.0,False,11.0,1109.0,5.312000036239624,6.134000062942505,2.9790000915527344,3.8540003299713135
220,101,narrow_high,narrow_low,narrow_high,narrow_high,0.2813913143992893,6.0,4.0,1.0,False,14.0,1123.0,2.5230002403259277,3.189000129699707,7.868000030517578,8.410000324249268
220,102,wide_low,narrow_low,wide_low,wide_low,0.2510598350127384,6.0,4.0,1.0,False,11.0,1134.0,1.8229999542236328,3.188999891281128,1.7699999809265137,2.697999954223633
220,103,wide_high,wide_high,narrow_low,wide_high,0.2867604179622982,6.0,3.0,1.0,False,18.0,1152.0,2.82099986076355,3.486000061035156,3.943000078201294,4.976000070571899
220,104,wide_low,wide_low,narrow_low,wide_low,0.2054996745710913,6.0,4.0,1.0,False,11.0,1163.0,4.031999826431274,4.994999885559082,1.1420001983642578,1.8570001125335691
220,105,wide_high,wide_high,wide_low,wide_high,0.355885545491664,6.0,4.0,0.0,False,0.0,1163.0,1.559999942779541,2.4709999561309814,2.0149998664855957,2.680000066757202
220,106,wide_high,wide_high,narrow_high,wide_high,0.2417373636837976,6.0,2.0,1.0,False,18.0,1181.0,2.0859997272491455,2.751999855041504,1.5250000953674316,2.2780001163482666
220,107,wide_high,wide_high,narrow_low,wide_high,0.3465924905062749,6.0,4.0,0.0,False,0.0,1181.0,1.2609999179840088,1.9099998474121096,2.5420000553131104,3.1540002822875977
220,108,wide_high,wide_high,narrow_low,wide_high,0.3103009941466708,6.0,3.0,0.0,False,0.0,1181.0,1.1380000114440918,1.803999900817871,2.2960000038146973,2.996000051498413
206,1,wide_high,wide_low,wide_high,wide_high,0.2758009800725929,6.0,2.0,1.0,False,18.0,18.0,9.85800004005432,12.955000162124634,8.176000118255615,10.008000135421751
206,2,wide_high,wide_high,narrow_low,wide_high,0.2203802823149175,5.0,4.0,1.0,False,18.0,36.0,8.743000030517578,11.0239999294281,2.9150002002716064,5.696000099182129
206,3,narrow_high,wide_low,narrow_high,narrow_high,0.2888347824933935,6.0,4.0,1.0,False,14.0,50.0,4.711999893188477,6.476999759674072,8.625999927520752,10.85699987411499
206,4,wide_low,wide_low,narrow_low,wide_low,0.2402805873443362,5.0,5.0,1.0,False,11.0,61.0,3.861999750137329,5.061999797821045,7.393999814987183,8.842999696731567
206,5,wide_high,narrow_low,wide_high,wide_high,0.3464382677795737,6.0,3.0,0.0,False,0.0,61.0,4.813000202178955,5.961000204086304,7.16100001335144,10.025000095367432
206,6,narrow_low,wide_high,narrow_low,narrow_low,0.2365038687298713,2.0,6.0,1.0,False,10.0,71.0,4.546000242233276,5.81000018119812,2.6639997959136963,4.263000011444092
206,7,wide_high,wide_high,narrow_high,wide_high,0.2774836457473597,5.0,2.0,1.0,False,18.0,89.0,3.1470000743865967,5.013000249862671,2.613999843597412,4.045999765396118
206,8,wide_high,wide_low,wide_high,wide_high,0.2954759305329816,4.0,4.0,1.0,False,18.0,107.0,3.1480000019073486,4.996000051498413,7.561000108718872,9.725000143051147
206,9,wide_high,wide_high,wide_low,wide_high,0.2587631165165457,6.0,5.0,1.0,False,18.0,125.0,3.131999969482422,6.0940001010894775,2.4140002727508545,7.259999990463257
206,10,wide_high,narrow_high,wide_high,wide_high,0.2748192703009413,6.0,5.0,1.0,False,18.0,143.0,4.5299999713897705,9.658999919891356,2.38100004196167,5.478000164031982
206,11,narrow_high,narrow_low,narrow_high,narrow_high,0.3277312581810921,5.0,2.0,0.0,False,0.0,143.0,2.9639999866485596,4.861999988555908,4.5299999713897705,5.99399995803833
206,12,wide_high,wide_low,wide_high,wide_high,0.403049201059988,6.0,5.0,0.0,False,0.0,143.0,6.045000076293945,7.111000061035156,2.3310000896453857,4.696999788284302
206,13,narrow_low,narrow_high,narrow_low,narrow_low,0.2179195661403635,1.0,6.0,1.0,False,10.0,153.0,6.527000188827515,7.776999950408936,3.431999921798706,9.443000078201294
206,14,wide_high,narrow_high,wide_high,wide_high,0.3223376365704107,6.0,4.0,0.0,False,0.0,153.0,4.496000051498413,5.312000036239624,3.9779999256134033,5.809000015258789
206,15,wide_high,wide_high,wide_low,wide_high,0.3353983895554419,5.0,2.0,0.0,False,0.0,153.0,3.5470001697540283,4.711999893188477,4.096999883651733,5.480000019073486
206,16,narrow_low,narrow_low,wide_low,narrow_low,0.1973917294595756,3.0,5.0,1.0,False,10.0,163.0,4.081000089645386,5.312999963760376,2.7649998664855957,4.546000003814697
206,17,narrow_high,wide_high,narrow_high,narrow_high,0.2950639094818478,3.0,4.0,1.0,False,14.0,177.0,4.646000146865845,6.861000061035156,3.513999938964844,5.380000114440918
206,18,wide_low,narrow_low,wide_low,wide_low,0.2678921906387821,4.0,6.0,1.0,False,11.0,188.0,3.796999931335449,5.2789998054504395,4.928999900817871,5.811000108718872
206,19,wide_low,narrow_low,wide_low,wide_low,0.2414938810428275,4.0,5.0,1.0,False,11.0,199.0,3.296999931335449,4.44599986076355,2.997999668121338,3.829999685287475
206,20,wide_high,wide_high,wide_low,wide_high,0.3330455118034554,6.0,1.0,0.0,False,0.0,199.0,4.362999677658081,5.911999940872192,9.190999984741213,11.09000015258789
206,21,wide_high,wide_high,wide_low,wide_high,0.2449907887375635,5.0,1.0,1.0,False,18.0,217.0,4.5959999561309814,5.51200008392334,3.928999900817871,4.960999965667725
206,22,wide_low,wide_low,narrow_high,wide_low,0.275451314543974,3.0,5.0,1.0,False,11.0,228.0,4.046000003814697,5.994999885559082,4.046999931335449,5.562999725341797
206,23,narrow_high,narrow_low,narrow_high,narrow_high,0.3144675109747709,4.0,4.0,0.0,False,0.0,228.0,1.9820001125335691,3.2809998989105225,3.3469998836517334,4.178999900817871
206,24,wide_high,narrow_low,wide_high,wide_high,0.2513075338948604,4.0,1.0,1.0,False,18.0,246.0,5.74500036239624,6.877000331878662,2.498000144958496,8.376000165939331
206,25,wide_high,narrow_high,wide_high,wide_high,0.29219151545909,5.0,3.0,1.0,False,18.0,264.0,1.9489998817443848,2.947999954223633,3.680000066757202,5.628000020980835
206,26,wide_high,wide_high,wide_low,wide_high,0.3998639385840319,6.0,4.0,0.0,False,0.0,264.0,2.996000051498413,4.8450000286102295,1.9150002002716064,5.196000099182129
206,27,wide_low,wide_low,wide_high,wide_low,0.2246505958995053,4.0,6.0,1.0,False,11.0,275.0,5.145000219345093,6.509999990463257,2.864000082015991,4.578999757766724
206,28,wide_low,wide_low,narrow_low,wide_low,0.2393386427531393,5.0,6.0,1.0,False,11.0,286.0,2.9659998416900635,3.88100004196167,1.9649999141693115,3.429999828338623
206,29,narrow_low,wide_high,narrow_low,narrow_low,0.2062524097476129,2.0,6.0,1.0,False,10.0,296.0,2.8980002403259277,4.114000082015991,1.8479998111724856,2.9140000343322754
206,30,wide_low,wide_low,narrow_high,wide_low,0.3285210391304231,4.0,6.0,0.0,False,0.0,296.0,2.7820000648498535,3.5970001220703125,2.3480000495910645,3.830000162124634
206,31,narrow_high,narrow_low,narrow_high,narrow_high,0.2823164608968465,3.0,2.0,1.0,False,14.0,310.0,3.3310000896453857,4.812000036239624,4.44599986076355,5.827999830245972
206,32,wide_high,wide_low,wide_high,wide_high,0.260199688169801,4.0,1.0,1.0,False,18.0,328.0,2.8480000495910645,3.94700026512146,3.3970000743865967,4.796000003814697
206,33,wide_low,narrow_low,wide_low,wide_low,0.2276180547938188,4.0,5.0,1.0,False,11.0,339.0,2.0980002880096436,3.397000312805176,2.3310000896453857,3.9140002727508545
206,34,wide_low,narrow_high,wide_low,wide_low,0.213331114961723,3.0,4.0,1.0,False,11.0,350.0,9.60700011253357,11.19000005722046,1.631999969482422,4.69599986076355
206,35,narrow_high,wide_low,narrow_high,narrow_high,0.316975570859475,4.0,3.0,0.0,False,0.0,350.0,5.977999687194824,7.97599983215332,1.0999999046325684,4.246999740600586
206,36,wide_high,narrow_low,wide_high,wide_high,0.3408684168254594,4.0,1.0,0.0,False,0.0,350.0,6.16100001335144,8.625,1.0459997653961182,4.943000078201294
206,37,narrow_low,narrow_low,wide_high,narrow_low,0.1909668920416395,4.0,6.0,1.0,False,10.0,360.0,3.513000011444092,4.61299991607666,0.9500000476837158,2.198000192642212
206,38,wide_high,narrow_high,wide_high,wide_high,0.2428204649267635,5.0,2.0,1.0,False,18.0,378.0,3.197000026702881,4.779000282287598,1.4159998893737793,7.0279998779296875
206,39,wide_high,wide_high,wide_low,wide_high,0.4285119499796127,4.0,3.0,0.0,False,0.0,378.0,2.881000280380249,6.245000123977661,1.1159999370574951,4.496000051498413
206,40,wide_low,wide_low,narrow_low,wide_low,0.2394305566354941,4.0,4.0,1.0,False,11.0,389.0,3.330000162124634,4.130000114440918,4.945000410079956,5.827000141143799
206,41,wide_low,wide_low,narrow_low,wide_low,0.1169012139952062,6.0,5.0,1.0,False,11.0,400.0,2.997999906539917,3.9809999465942383,1.131999969482422,3.1969997882843018
206,42,wide_low,narrow_low,wide_low,wide_low,0.2066228240631079,5.0,6.0,1.0,False,11.0,411.0,4.162999868392944,5.495000123977661,1.2319998741149902,4.130000114440918
206,43,narrow_high,narrow_high,wide_low,narrow_high,0.308591012496857,4.0,2.0,1.0,False,14.0,425.0,3.5969998836517334,5.728999853134155,2.514000177383423,4.115000009536743
206,44,narrow_high,narrow_low,narrow_high,narrow_high,0.3048076509604113,5.0,3.0,1.0,False,14.0,439.0,6.562000274658203,7.794000148773193,2.632000207901001,4.0299999713897705
206,45,wide_high,wide_high,narrow_low,wide_high,0.3857444033149881,3.0,4.0,0.0,False,0.0,439.0,12.873000144958496,14.205000162124634,2.3249998092651367,3.2980000972747803
206,46,narrow_high,narrow_high,wide_low,narrow_high,0.3059564728262773,5.0,4.0,1.0,False,14.0,453.0,2.448000192642212,4.062000036239624,0.9320001602172852,3.063000202178955
206,47,wide_high,narrow_low,wide_high,wide_high,0.3156243233915119,3.0,1.0,0.0,False,0.0,453.0,3.0969998836517334,4.828999757766724,1.3490002155303955,4.36299991607666
206,48,narrow_high,wide_high,narrow_high,narrow_high,0.3443765707269504,2.0,5.0,0.0,False,0.0,453.0,2.1150002479553223,3.680000066757202,1.4469997882843018,2.7799997329711914
206,49,narrow_low,narrow_low,wide_high,narrow_low,0.2432883635217859,4.0,6.0,1.0,False,10.0,463.0,2.864000082015991,4.013000249862671,1.6489999294281006,2.6480000019073486
206,50,wide_low,narrow_high,wide_low,wide_low,0.0939716102231315,4.0,5.0,1.0,False,11.0,474.0,2.314000129699707,3.8459999561309814,3.1470000743865967,4.413000106811523
206,51,wide_low,wide_low,narrow_low,wide_low,0.1944175606920878,6.0,5.0,1.0,False,11.0,485.0,1.6150000095367432,3.129999876022339,0.81600022315979,3.8459999561309814
206,52,wide_high,wide_low,wide_high,wide_high,0.2887540936371566,2.0,1.0,1.0,False,18.0,503.0,2.2980000972747803,3.597999811172486,0.8840000629425049,4.761999845504761
206,53,wide_low,narrow_low,wide_low,wide_low,0.2107422151924957,5.0,6.0,1.0,False,11.0,514.0,3.13100004196167,4.546000003814697,0.8819997310638428,2.2649998664855957
206,54,narrow_high,narrow_high,wide_high,narrow_high,0.3061901358412919,3.0,4.0,1.0,False,14.0,528.0,2.63100004196167,3.5300002098083496,6.545000076293945,7.827000141143799
206,55,wide_high,wide_high,narrow_high,wide_high,0.2684268720334904,3.0,2.0,1.0,False,18.0,546.0,3.963000059127808,4.928000211715698,3.447000026702881,4.829000234603882
206,56,narrow_high,narrow_high,wide_low,narrow_high,0.3155543917685479,4.0,3.0,0.0,False,0.0,546.0,2.0319998264312744,4.6459996700286865,5.17900013923645,8.059000015258789
206,57,wide_high,wide_high,narrow_high,wide_high,0.3436385111301126,4.0,3.0,0.0,False,0.0,546.0,6.013000011444092,7.194000005722046,1.448000192642212,3.996000051498413
206,58,wide_low,narrow_high,wide_low,wide_low,0.2392723364040008,4.0,5.0,1.0,False,11.0,557.0,3.4639999866485596,4.61299991607666,3.2300002574920654,5.046000242233276
206,59,wide_high,wide_low,wide_high,wide_high,0.2982533198111518,3.0,1.0,1.0,False,18.0,575.0,4.529000282287598,5.678000211715698,2.447000026702881,3.996999979019165
206,60,narrow_low,narrow_low,narrow_high,narrow_low,0.2295733036139517,2.0,3.0,1.0,False,10.0,585.0,2.330999851226806,4.162999868392944,2.730999708175659,5.162999868392944
206,61,wide_high,narrow_low,wide_high,wide_high,0.3713740287787787,3.0,2.0,0.0,False,0.0,585.0,8.825999736785889,10.123999834060667,4.578999996185303,5.394999980926514
206,62,wide_low,wide_low,narrow_high,wide_low,0.2291309100319615,4.0,6.0,1.0,False,11.0,596.0,1.499000072479248,2.263999938964844,1.7319998741149902,3.114000082015991
206,63,wide_low,wide_low,wide_high,wide_low,0.0544518809765956,2.0,5.0,1.0,False,11.0,607.0,1.9160001277923584,3.181000232696533,2.263999938964844,3.812999725341797
206,64,narrow_high,narrow_high,wide_low,narrow_high,0.2901640614106108,3.0,3.0,1.0,False,14.0,621.0,2.2660000324249268,3.330000162124634,1.0320000648498535,2.499000072479248
206,65,wide_high,wide_high,wide_low,wide_high,0.2850524492887554,3.0,1.0,1.0,False,18.0,639.0,2.065000057220459,3.246999979019165,0.931999921798706,2.1649999618530273
206,66,narrow_high,wide_high,narrow_high,narrow_high,0.2716045001345455,4.0,3.0,1.0,False,14.0,653.0,6.610999822616577,7.609999895095825,0.7319998741149902,3.363999843597412
206,67,wide_high,wide_low,wide_high,wide_high,0.2574339380583301,3.0,1.0,1.0,False,18.0,671.0,1.631999969482422,2.698000192642212,0.8339998722076416,4.496000051498413
206,68,wide_high,wide_low,wide_high,wide_high,0.3451182356775508,2.0,4.0,0.0,False,0.0,671.0,6.360999822616577,6.927999973297119,0.8990001678466797,3.747000217437744
206,69,wide_high,wide_high,narrow_high,wide_high,0.2765077864608586,2.0,1.0,1.0,False,18.0,689.0,1.9150002002716064,2.697999954223633,1.065000057220459,2.4140002727508545
206,70,narrow_low,wide_high,narrow_low,narrow_low,0.2064286222002798,3.0,6.0,1.0,False,10.0,699.0,1.8479998111724856,3.1979997158050537,1.2149999141693115,3.430000066757202
206,71,wide_high,wide_high,narrow_low,wide_high,0.2381490348132376,2.0,1.0,1.0,False,18.0,717.0,3.830000162124634,4.830000162124634,1.3989999294281006,2.6470000743865967
206,72,narrow_high,narrow_low,narrow_high,narrow_high,0.2743580598635234,3.0,4.0,1.0,False,14.0,731.0,2.2320001125335693,3.264000177383423,1.4500000476837158,2.2809998989105225
206,73,narrow_high,narrow_high,wide_high,narrow_high,0.3048354840284815,4.0,4.0,1.0,False,14.0,745.0,1.2990000247955322,3.763000249862671,0.9820001125335692,5.062000036239624
206,74,wide_low,wide_high,wide_low,wide_low,0.2753597706008511,4.0,6.0,1.0,False,11.0,756.0,2.447999954223633,3.3299999237060547,0.8490002155303955,2.498000144958496
206,75,wide_high,wide_low,wide_high,wide_high,0.2962888623718219,2.0,1.0,1.0,False,18.0,774.0,4.046000003814697,5.17799973487854,1.7149999141693115,3.6470000743865967
206,76,narrow_low,narrow_low,wide_high,narrow_low,0.2110785047353799,3.0,6.0,1.0,False,10.0,784.0,2.681999683380127,3.3969998359680176,2.097999811172486,3.0139997005462646
206,77,wide_high,narrow_low,wide_high,wide_high,0.1571990202733957,3.0,2.0,1.0,False,18.0,802.0,3.796000242233277,5.461000204086304,1.430999994277954,2.5799999237060547
206,78,wide_low,narrow_low,wide_low,wide_low,0.2425709373790786,6.0,5.0,1.0,False,11.0,813.0,3.8969998359680176,4.69599986076355,1.315999984741211,4.163000106811523
206,79,narrow_high,narrow_high,narrow_low,narrow_high,0.3382254502671297,4.0,3.0,0.0,False,0.0,813.0,2.913000106811523,4.828000068664551,2.813999891281128,4.411999702453613
206,80,wide_high,wide_high,narrow_high,wide_high,0.3382910343497281,4.0,3.0,0.0,False,0.0,813.0,3.179999589920044,4.2789998054504395,6.760999917984009,7.909999847412109
206,81,narrow_high,narrow_high,narrow_low,narrow_high,0.246733754349087,5.0,4.0,1.0,False,14.0,827.0,2.86299991607666,3.629999876022339,0.9500000476837158,3.363999843597412
206,82,narrow_high,narrow_high,wide_high,narrow_high,0.2957461639473298,4.0,4.0,1.0,False,14.0,841.0,2.7309999465942383,3.748000144958496,3.2789998054504395,4.111999988555908
206,83,narrow_low,wide_high,narrow_low,narrow_low,0.2213678483841484,4.0,6.0,1.0,False,10.0,851.0,1.680999994277954,2.597999811172486,1.0309998989105225,3.3289999961853027
206,84,wide_low,wide_high,wide_low,wide_low,0.3109085780626647,3.0,5.0,1.0,False,11.0,862.0,4.413999795913696,5.51200008392334,1.4649999141693115,3.513000011444092
206,85,narrow_low,wide_high,narrow_low,narrow_low,0.2155707695102544,4.0,6.0,1.0,False,10.0,872.0,3.846000194549561,4.630000352859497,0.7000000476837158,1.6820001602172852
206,86,narrow_high,wide_low,narrow_high,narrow_high,0.2960400479293555,4.0,5.0,1.0,False,14.0,886.0,4.211999893188477,5.245000123977661,1.3659999370574951,6.044000148773193
206,87,wide_high,wide_high,wide_low,wide_high,0.2028253912247002,3.0,1.0,1.0,False,18.0,904.0,3.580999851226806,4.562000036239624,2.9300003051757812,4.047000169754028
206,88,wide_low,wide_low,narrow_low,wide_low,0.3259676349744347,5.0,6.0,0.0,False,0.0,904.0,2.9630000591278076,3.7140002250671382,2.9810001850128174,4.111999988555908
206,89,wide_high,wide_high,wide_low,wide_high,0.3970730036788279,3.0,1.0,0.0,False,0.0,904.0,1.9320001602172852,3.0810000896453857,2.015000104904175,3.114000082015991
206,90,narrow_low,wide_high,narrow_low,narrow_low,0.2507914159515738,4.0,6.0,1.0,False,10.0,914.0,2.1649999618530273,2.996999740600586,0.9660000801086426,3.4140000343322754
206,91,wide_high,wide_high,wide_low,wide_high,0.2887666960580136,2.0,1.0,1.0,False,18.0,932.0,3.514000177383423,4.630000114440918,1.4660000801086426,3.563999891281128
206,92,wide_low,narrow_low,wide_low,wide_low,0.1954041937253345,4.0,4.0,1.0,False,11.0,943.0,1.6469998359680176,3.179999589920044,1.1499998569488523,2.015000104904175
206,93,wide_low,wide_high,wide_low,wide_low,0.1361618782070972,3.0,5.0,1.0,False,11.0,954.0,2.9830000400543213,4.6459996700286865,1.497999906539917,2.7149996757507324
206,94,wide_high,wide_low,wide_high,wide_high,0.2613804085538588,1.0,2.0,1.0,False,18.0,972.0,2.5799999237060547,3.5789999961853027,0.931999921798706,4.745000123977661
206,95,narrow_high,wide_low,narrow_high,narrow_high,0.3024921617349286,4.0,3.0,1.0,False,14.0,986.0,1.699000120162964,2.4810001850128174,1.3319997787475586,3.114000082015991
206,96,wide_low,wide_low,narrow_low,wide_low,0.2537551456714662,5.0,4.0,1.0,False,11.0,997.0,2.4140000343322754,3.513000011444092,2.046999931335449,3.11299991607666
206,97,narrow_high,narrow_high,wide_low,narrow_high,0.3090153309754824,5.0,4.0,1.0,False,14.0,1011.0,3.5980000495910645,4.613000154495239,2.947000026702881,4.395999908447266
206,98,narrow_low,narrow_low,wide_high,narrow_low,0.200882145236975,4.0,6.0,1.0,False,10.0,1021.0,1.930999755859375,2.8969998359680176,0.931999921798706,2.363999843597412
206,99,narrow_high,wide_high,narrow_high,narrow_high,0.3122115685765565,4.0,5.0,0.0,False,0.0,1021.0,2.4140000343322754,4.2799999713897705,0.949000120162964,3.379999876022339
206,100,wide_high,narrow_low,wide_high,wide_high,0.3453621342779376,3.0,1.0,0.0,False,0.0,1021.0,1.9149999618530271,2.8470001220703125,2.0990002155303955,3.4140002727508545
206,101,narrow_high,narrow_high,narrow_low,narrow_high,0.3310077559591842,4.0,5.0,0.0,False,0.0,1021.0,1.3489999771118164,2.2149999141693115,1.3980000019073486,3.330000162124634
206,102,wide_low,narrow_low,wide_low,wide_low,0.2621861113886603,5.0,6.0,1.0,False,11.0,1032.0,1.2669999599456787,2.248999834060669,0.7990000247955322,1.7309999465942385
206,103,wide_high,wide_high,narrow_low,wide_high,0.2632923223280706,2.0,1.0,1.0,False,18.0,1050.0,1.2320001125335691,2.2140002250671387,0.7990002632141113,2.680999994277954
206,104,wide_high,wide_high,wide_low,wide_high,0.3148034849331033,3.0,2.0,0.0,False,0.0,1050.0,1.815000057220459,2.7309999465942383,0.7000000476837158,3.9640002250671382
206,105,narrow_high,narrow_low,narrow_high,narrow_high,0.2820296448008229,3.0,3.0,1.0,False,14.0,1064.0,2.46500015258789,3.314000129699707,1.182999849319458,2.0319998264312744
206,106,narrow_high,wide_low,narrow_high,narrow_high,0.3166505506576217,3.0,4.0,0.0,False,0.0,1064.0,2.815000057220459,4.17900013923645,1.181999921798706,4.0959999561309814
206,107,wide_high,narrow_high,wide_high,wide_high,0.2682846346958578,3.0,1.0,1.0,False,18.0,1082.0,3.1470000743865967,4.34499979019165,2.88100004196167,3.813999891281128
206,108,wide_high,narrow_low,wide_high,wide_high,0.1883059091129471,4.0,3.0,1.0,False,18.0,1100.0,1.4149999618530271,3.8459997177124023,2.814000129699707,4.062999963760376
207,1,wide_high,wide_high,wide_low,wide_high,0.3305828840133237,4.0,3.0,0.0,False,0.0,0.0,33.5939998626709,35.47099995613098,15.37000012397766,17.198000192642212
207,2,narrow_low,wide_high,narrow_low,narrow_low,0.2051703282057495,5.0,4.0,0.0,False,0.0,0.0,4.580999851226807,5.607000112533569,3.2790000438690186,4.530999660491943
207,3,wide_low,wide_low,narrow_high,wide_low,0.1892868824328789,2.0,2.0,0.0,False,0.0,0.0,2.0779998302459717,3.1539998054504395,3.7799999713897705,4.656000137329102
207,4,wide_low,narrow_high,wide_low,wide_low,0.2643814444807449,1.0,2.0,1.0,False,11.0,11.0,1.9770002365112305,3.1040000915527344,1.4769999980926514,1.9020001888275144
207,5,narrow_low,wide_high,narrow_low,narrow_low,0.2650286831321425,4.0,5.0,0.0,False,0.0,11.0,4.4059998989105225,5.206999778747559,3.17900013923645,4.855999946594238
207,6,narrow_low,narrow_high,narrow_low,narrow_low,0.2460854837143857,2.0,1.0,1.0,False,10.0,21.0,1.9019999504089355,2.9040000438690186,1.450999736785889,2.4029998779296875
207,7,wide_low,wide_low,narrow_high,wide_low,0.3245434203815728,6.0,4.0,0.0,False,0.0,21.0,3.2039999961853027,5.056999921798706,3.629999876022339,4.631000280380249
207,8,wide_low,wide_low,narrow_low,wide_low,0.2578874467201422,1.0,3.0,0.0,False,0.0,21.0,2.8289997577667236,3.879999876022339,2.628999948501587,3.3539998531341553
207,9,wide_high,narrow_low,wide_high,wide_high,0.3149899866163512,4.0,3.0,0.0,False,0.0,21.0,3.1539998054504395,4.580999851226807,3.4539999961853027,4.305000066757202
207,10,narrow_high,narrow_high,wide_low,narrow_high,0.2700869802075506,1.0,2.0,1.0,False,14.0,35.0,1.8279998302459717,2.678999662399292,4.13100004196167,5.232000112533569
207,11,narrow_high,narrow_low,narrow_high,narrow_high,0.303218383175485,3.0,4.0,1.0,False,14.0,49.0,4.981000185012817,5.957000255584717,1.80299973487854,2.928999900817871
207,12,narrow_high,wide_low,narrow_high,narrow_high,0.3215791806179161,5.0,5.0,0.0,False,0.0,49.0,2.703000068664551,3.5290002822875977,1.376999855041504,2.17799973487854
207,13,wide_high,wide_low,wide_high,wide_high,0.2436555001928105,2.0,1.0,1.0,False,18.0,67.0,1.502000093460083,2.3529999256134033,2.078000068664551,2.9040000438690186
207,14,narrow_high,narrow_low,narrow_high,narrow_high,0.2929544147809413,3.0,5.0,1.0,False,14.0,81.0,2.628999948501587,3.8550000190734863,6.658999681472778,7.484999895095825
207,15,wide_high,wide_high,wide_low,wide_high,0.2643236155522073,6.0,6.0,1.0,False,18.0,99.0,3.879999876022339,4.755999565124512,1.502000093460083,2.2780001163482666
207,16,wide_high,wide_high,wide_low,wide_high,0.3011725957270836,4.0,3.0,1.0,False,18.0,117.0,6.157999753952026,7.559999942779541,3.17900013923645,3.678999900817871
207,17,wide_low,narrow_low,wide_low,wide_low,0.2269008839171592,5.0,5.0,1.0,False,11.0,128.0,6.083000183105469,9.38700008392334,1.627000093460083,2.6539998054504395
207,18,narrow_high,wide_low,narrow_high,narrow_high,0.3384309333815155,6.0,6.0,0.0,False,0.0,128.0,2.002000093460083,3.378999948501587,1.4270000457763672,2.9539997577667236
207,19,wide_low,narrow_low,wide_low,wide_low,0.1621621155689178,1.0,1.0,1.0,False,11.0,139.0,2.002000093460083,3.7799999713897705,1.628000020980835,2.6039998531341553
207,20,narrow_high,wide_low,narrow_high,narrow_high,0.2970900271209522,2.0,2.0,1.0,False,14.0,153.0,2.503000020980835,3.6540000438690186,1.126999855041504,1.9279999732971191
207,21,narrow_high,wide_high,narrow_high,narrow_high,0.3319156007267617,3.0,3.0,0.0,False,0.0,153.0,1.8519999980926511,2.7780001163482666,0.8269996643066406,1.5529999732971191
207,22,narrow_high,wide_high,narrow_high,narrow_high,0.2908712635683507,4.0,4.0,1.0,False,14.0,167.0,4.005000114440918,7.660000085830688,1.2259998321533203,2.0769999027252197
207,23,narrow_high,narrow_low,narrow_high,narrow_high,0.3284970661863816,5.0,5.0,0.0,False,0.0,167.0,1.9780001640319824,3.004000186920166,1.176999807357788,2.2279999256134033
207,24,narrow_high,wide_high,narrow_high,narrow_high,0.3334685990179202,1.0,1.0,0.0,False,0.0,167.0,1.3519999980926514,3.829999685287475,1.0520002841949463,4.281000137329102
207,25,narrow_high,narrow_low,narrow_high,narrow_high,0.2997850749789356,2.0,2.0,1.0,False,14.0,181.0,1.377000331878662,2.1530003547668457,1.0770001411437988,1.9280002117156985
207,26,narrow_high,narrow_high,narrow_low,narrow_high,0.3115351055095463,3.0,3.0,0.0,False,0.0,181.0,3.6049997806549072,4.50600004196167,0.9509997367858888,1.426999807357788
207,27,narrow_high,narrow_high,narrow_low,narrow_high,0.3342285909737169,1.0,1.0,0.0,False,0.0,181.0,0.875999927520752,1.801999807357788,0.7760000228881836,1.7769999504089355
207,28,narrow_high,wide_high,narrow_high,narrow_high,0.2930446722877599,2.0,2.0,1.0,False,14.0,195.0,1.301999807357788,2.1529998779296875,0.4750001430511474,1.126000165939331
207,29,narrow_high,wide_high,narrow_high,narrow_high,0.2837306989304272,4.0,4.0,1.0,False,14.0,209.0,5.457000017166138,6.283999681472778,0.8760004043579102,1.3510000705718994
207,30,wide_high,narrow_low,wide_high,wide_high,0.3066175816717318,5.0,5.0,1.0,False,18.0,227.0,1.8270001411437988,2.7279999256134033,1.1519999504089355,1.8280000686645508
207,31,narrow_high,narrow_high,wide_low,narrow_high,0.3233803455541546,6.0,6.0,0.0,False,0.0,227.0,1.751999855041504,2.5279998779296875,1.852999925613403,2.55400013923645
207,32,wide_low,narrow_low,wide_low,wide_low,0.1856547969798007,4.0,4.0,1.0,False,11.0,238.0,3.2790000438690186,4.129999876022339,1.0269999504089355,1.8530001640319824
207,33,wide_low,wide_low,narrow_low,wide_low,0.2058853645388961,5.0,5.0,1.0,False,11.0,249.0,2.378000259399414,3.3050003051757812,1.1009998321533203,2.0269997119903564
207,34,wide_low,narrow_low,wide_low,wide_low,0.1885845946646633,6.0,6.0,1.0,False,11.0,260.0,2.4030001163482666,3.680000066757202,1.977999925613403,2.7289998531341553
207,35,narrow_high,narrow_high,narrow_low,narrow_high,0.289313395137548,6.0,6.0,1.0,False,14.0,274.0,3.630000352859497,4.581000328063965,0.4749996662139892,1.050999641418457
207,36,wide_high,wide_high,narrow_high,wide_high,0.3322997083278,4.0,4.0,0.0,False,0.0,274.0,2.7790000438690186,3.804999828338623,1.000999927520752,1.7020001411437988
207,37,wide_high,wide_low,wide_high,wide_high,0.2950079050687942,1.0,1.0,1.0,False,18.0,292.0,1.126999855041504,2.1029999256134033,0.6009998321533203,1.627000093460083
207,38,wide_high,narrow_low,wide_high,wide_high,0.3455402430721821,2.0,2.0,0.0,False,0.0,292.0,0.6010000705718994,1.6520001888275146,0.4010000228881836,1.001999855041504
207,39,narrow_high,narrow_low,narrow_high,narrow_high,0.3129069216068493,3.0,3.0,0.0,False,0.0,292.0,2.4539997577667236,3.3550000190734863,0.5249998569488525,1.2760000228881836
207,40,narrow_high,narrow_high,wide_low,narrow_high,0.3030742698586099,1.0,1.0,1.0,False,14.0,306.0,1.2020001411437988,2.0280001163482666,0.9260001182556152,1.7019999027252195
207,41,wide_high,narrow_low,wide_high,wide_high,0.2485834930528161,2.0,2.0,1.0,False,18.0,324.0,1.2760000228881836,1.9769999980926511,0.4010002613067627,0.9520001411437988
207,42,wide_low,narrow_low,wide_low,wide_low,0.1633366193968916,3.0,3.0,0.0,False,0.0,324.0,1.8270001411437988,2.82800030708313,0.7009999752044678,1.2769999504089355
207,43,wide_high,wide_high,narrow_low,wide_high,0.3757242110168639,1.0,1.0,0.0,False,0.0,324.0,1.4020001888275146,2.302999973297119,0.626000165939331,1.4520001411437988
207,44,narrow_high,narrow_high,narrow_low,narrow_high,0.2985247989061912,2.0,2.0,1.0,False,14.0,338.0,0.8259999752044678,2.0779998302459717,0.375,0.8510000705718994
207,45,narrow_high,wide_low,narrow_high,narrow_high,0.2866557517480181,3.0,3.0,1.0,False,14.0,352.0,1.7019999027252195,2.477999687194824,1.0520000457763672,1.4270000457763672
207,46,wide_low,wide_low,narrow_low,wide_low,0.2111671416968673,4.0,4.0,1.0,False,11.0,363.0,1.0520000457763672,1.727999925613403,0.5510001182556152,1.377000331878662
207,47,wide_high,narrow_high,wide_high,wide_high,0.3659697854821003,5.0,5.0,0.0,False,0.0,363.0,1.6529998779296875,2.7289998531341553,1.4769999980926514,1.9780001640319824
207,48,wide_low,narrow_low,wide_low,wide_low,0.3145819301008239,1.0,1.0,0.0,False,0.0,363.0,1.325999736785889,2.3529999256134033,0.5,1.250999927520752
207,49,narrow_high,narrow_high,wide_low,narrow_high,0.3233569484303259,2.0,2.0,0.0,False,0.0,363.0,0.5259997844696045,1.3519999980926514,0.3249998092651367,1.050999879837036
207,50,wide_high,narrow_low,wide_high,wide_high,0.2603498617675511,3.0,3.0,0.0,False,0.0,363.0,1.9520001411437988,2.6530001163482666,0.4010000228881836,1.0769999027252195
207,51,narrow_high,narrow_high,narrow_low,narrow_high,0.2994601866447087,1.0,1.0,1.0,False,14.0,377.0,0.7000000476837158,1.500999927520752,0.6510000228881836,1.3270001411437988
207,52,wide_high,narrow_high,wide_high,wide_high,0.336473089536731,2.0,2.0,0.0,False,0.0,377.0,1.077000379562378,2.0280001163482666,0.7760000228881836,1.8020000457763672
207,53,wide_low,narrow_low,wide_low,wide_low,0.0529822735677552,3.0,3.0,1.0,False,11.0,388.0,0.6760001182556152,2.7290000915527344,1.6019999980926514,2.4030001163482666
207,54,narrow_high,wide_low,narrow_high,narrow_high,0.3223456378443372,4.0,4.0,0.0,False,0.0,388.0,4.4049999713897705,5.205999851226807,0.9519999027252196,1.3519999980926514
207,55,narrow_high,narrow_high,narrow_low,narrow_high,0.3175024505858845,1.0,1.0,0.0,False,0.0,388.0,1.0259997844696045,1.7769999504089355,0.9260001182556152,1.4519999027252195
207,56,wide_high,wide_high,wide_low,wide_high,0.3001646567925492,2.0,2.0,1.0,False,18.0,406.0,1.125999927520752,3.503999948501587,0.4010000228881836,1.4019999504089355
207,57,wide_high,wide_high,narrow_low,wide_high,0.2410976118276312,3.0,3.0,1.0,False,18.0,424.0,1.3020002841949463,2.1780002117156982,0.3759999275207519,0.8009998798370361
207,58,wide_high,wide_high,wide_low,wide_high,0.2825425271370225,4.0,4.0,1.0,False,18.0,442.0,1.1770002841949463,2.0530002117156982,1.2259998321533203,2.002999782562256
207,59,narrow_high,wide_low,narrow_high,narrow_high,0.3107760329603689,5.0,5.0,0.0,False,0.0,442.0,1.3519999980926514,2.252999782562256,0.6510000228881836,1.0520000457763672
207,60,wide_high,wide_high,narrow_low,wide_high,0.3071299576034756,1.0,1.0,1.0,False,18.0,460.0,1.5769999027252195,2.203000068664551,0.4259998798370361,0.8509998321533203
207,61,wide_high,wide_high,narrow_low,wide_high,0.3380782822306321,2.0,2.0,0.0,False,0.0,460.0,1.1509997844696045,2.001999855041504,0.4509999752044678,0.875999927520752
207,62,wide_high,narrow_high,wide_high,wide_high,0.249530166774061,3.0,3.0,1.0,False,18.0,478.0,0.9760000705718994,1.7020001411437988,0.8509998321533203,1.251999855041504
207,63,wide_high,wide_high,wide_low,wide_high,0.324281828954592,4.0,4.0,0.0,False,0.0,478.0,1.502000093460083,2.4529998302459717,0.7760000228881836,1.1770002841949463
207,64,narrow_high,narrow_high,wide_low,narrow_high,0.2931786010957601,1.0,1.0,1.0,False,14.0,492.0,0.4259998798370361,1.1510000228881836,0.4500000476837158,0.8259999752044678
207,65,wide_high,wide_high,wide_low,wide_high,0.2515708010994502,2.0,2.0,1.0,False,18.0,510.0,1.2769999504089355,2.0279996395111084,0.8010001182556152,1.377000093460083
207,66,narrow_high,narrow_high,narrow_low,narrow_high,0.3288541989293705,3.0,3.0,0.0,False,0.0,510.0,1.250999927520752,2.001999855041504,0.7760000228881836,1.252000093460083
207,67,wide_high,narrow_low,wide_high,wide_high,0.3424130490371987,1.0,1.0,0.0,False,0.0,510.0,1.3010003566741943,2.127000093460083,0.7750000953674316,1.501000165939331
207,68,narrow_high,narrow_low,narrow_high,narrow_high,0.3120472868438523,2.0,2.0,0.0,False,0.0,510.0,0.5,1.1760001182556152,0.626000165939331,1.0769999027252195
207,69,wide_high,wide_high,narrow_low,wide_high,0.382746238255644,3.0,3.0,0.0,False,0.0,510.0,1.2009999752044678,1.926999807357788,0.7010002136230469,1.2269999980926514
207,70,wide_low,narrow_low,wide_low,wide_low,0.1050833772996977,1.0,1.0,1.0,False,11.0,521.0,0.6259996891021729,1.3519999980926514,0.3510000705718994,0.9009997844696044
207,71,narrow_high,narrow_low,narrow_high,narrow_high,0.3055741967622239,2.0,2.0,1.0,False,14.0,535.0,1.0760002136230469,2.628000259399414,0.3259999752044678,1.301999807357788
207,72,wide_high,wide_low,wide_high,wide_high,0.329755488915939,3.0,3.0,0.0,False,0.0,535.0,0.5759999752044678,1.251999855041504,0.3999998569488525,1.0260000228881836
207,73,narrow_high,narrow_high,wide_low,narrow_high,0.3028931527578362,1.0,1.0,1.0,False,14.0,549.0,1.1010000705718994,2.7280001640319824,1.1269996166229248,1.5769999027252195
207,74,wide_low,wide_low,narrow_low,wide_low,0.1792373771136498,2.0,2.0,1.0,False,11.0,560.0,1.000999927520752,1.6019999980926514,0.3510000705718994,0.8270001411437988
207,75,wide_high,wide_high,wide_low,wide_high,0.324406618304397,3.0,3.0,0.0,False,0.0,560.0,0.9760000705718994,1.7769999504089355,0.3759999275207519,0.7260000705718994
207,76,wide_high,wide_high,wide_low,wide_high,0.2834128386732701,1.0,1.0,1.0,False,18.0,578.0,0.5,1.2010002136230469,0.3509998321533203,0.8259999752044678
207,77,wide_low,narrow_low,wide_low,wide_low,0.1924206039388568,2.0,2.0,1.0,False,11.0,589.0,2.2779998779296875,3.0290000438690186,0.3500001430511474,0.8260002136230469
207,78,narrow_high,wide_low,narrow_high,narrow_high,0.3211322854993809,3.0,3.0,0.0,False,0.0,589.0,1.3270001411437988,2.1030001640319824,0.3750002384185791,0.8010001182556152
207,79,wide_high,narrow_low,wide_high,wide_high,0.2366359639634294,1.0,1.0,1.0,False,18.0,607.0,1.0269997119903564,1.7779998779296875,0.750999927520752,1.2769999504089355
207,80,narrow_high,narrow_high,wide_low,narrow_high,0.2997279752365117,2.0,2.0,1.0,False,14.0,621.0,0.9769997596740724,1.6019999980926514,0.4509999752044678,1.0520000457763672
207,81,narrow_high,narrow_high,narrow_low,narrow_high,0.2907047606990792,4.0,4.0,1.0,False,14.0,635.0,1.9279999732971191,3.705000162124634,2.052999973297119,2.7789998054504395
207,82,wide_low,wide_low,narrow_low,wide_low,0.1524755887359728,5.0,5.0,1.0,False,11.0,646.0,1.8020000457763672,2.6029999256134033,0.8510000705718994,1.2270002365112305
207,83,narrow_high,narrow_high,wide_low,narrow_high,0.2892726048689816,6.0,6.0,1.0,False,14.0,660.0,1.4019999504089355,2.2019999027252197,0.4760003089904785,1.127000093460083
207,84,wide_high,wide_high,wide_low,wide_high,0.3631368326172998,4.0,4.0,0.0,False,0.0,660.0,1.751000165939331,2.6529998779296875,0.751000165939331,1.2010002136230469
207,85,narrow_high,narrow_high,wide_low,narrow_high,0.2741783649166584,1.0,1.0,1.0,False,14.0,674.0,1.551999807357788,2.4029998779296875,0.4010000228881836,0.877000093460083
207,86,wide_high,narrow_high,wide_high,wide_high,0.3065308156198882,2.0,2.0,1.0,False,18.0,692.0,0.925999879837036,1.7269999980926514,0.4259998798370361,1.0259997844696045
207,87,wide_high,wide_high,wide_low,wide_high,0.2961545679413548,3.0,3.0,1.0,False,18.0,710.0,0.625999927520752,2.453000068664551,0.9769999980926514,1.3519999980926514
207,88,wide_high,narrow_high,wide_high,wide_high,0.3359547513369982,4.0,4.0,0.0,False,0.0,710.0,0.9519999027252196,1.8279995918273928,0.3500001430511474,1.001000165939331
207,89,narrow_high,narrow_high,wide_low,narrow_high,0.2980239136003638,1.0,1.0,1.0,False,14.0,724.0,0.8510000705718994,1.7769999504089355,0.3759999275207519,0.8269999027252197
207,90,wide_low,narrow_low,wide_low,wide_low,0.1531757367574611,2.0,2.0,1.0,False,11.0,735.0,1.3270001411437988,2.5530002117156982,1.9279999732971191,2.9800000190734863
207,91,narrow_high,wide_low,narrow_high,narrow_high,0.2751725188992351,3.0,3.0,1.0,False,14.0,749.0,0.876000165939331,1.5270001888275146,0.3510000705718994,0.7760000228881836
207,92,wide_low,narrow_low,wide_low,wide_low,0.1562095632249626,4.0,4.0,1.0,False,11.0,760.0,0.500999927520752,1.5769999027252195,0.375,0.8510000705718994
207,93,wide_high,narrow_high,wide_high,wide_high,0.3306786393454539,5.0,5.0,0.0,False,0.0,760.0,1.7769999504089355,2.7780003547668457,0.6760001182556152,1.4520001411437988
207,94,wide_high,narrow_low,wide_high,wide_high,0.2908882223385045,1.0,1.0,1.0,False,18.0,778.0,1.1760001182556152,2.1519999504089355,0.8270001411437988,1.4520001411437988
207,95,narrow_high,narrow_high,narrow_low,narrow_high,0.3172832758299774,2.0,2.0,0.0,False,0.0,778.0,1.0520002841949463,1.7280001640319824,0.4250001907348633,0.9010000228881836
207,96,narrow_high,wide_low,narrow_high,narrow_high,0.3123519944572049,3.0,3.0,0.0,False,0.0,778.0,0.500999927520752,1.0759999752044678,0.3260002136230469,0.7009999752044678
207,97,wide_high,wide_low,wide_high,wide_high,0.42120595481195,1.0,1.0,0.0,False,0.0,778.0,1.852999925613403,2.9040000438690186,0.6510000228881836,1.977999687194824
207,98,narrow_high,narrow_high,wide_low,narrow_high,0.3310392632932147,2.0,2.0,0.0,False,0.0,778.0,1.1010000705718994,1.9529998302459717,0.3759999275207519,0.8009998798370361
207,99,narrow_high,narrow_high,wide_low,narrow_high,0.3056716361349711,3.0,3.0,0.0,False,0.0,778.0,0.751000165939331,2.203000068664551,1.0520000457763672,1.4520001411437988
207,100,narrow_high,wide_low,narrow_high,narrow_high,0.2947771586359929,1.0,1.0,1.0,False,14.0,792.0,1.0260002613067627,2.002000331878662,0.4760000705718994,1.0520000457763672
207,101,wide_high,narrow_low,wide_high,wide_high,0.4133193280316543,2.0,2.0,0.0,False,0.0,792.0,1.000999927520752,1.9529998302459717,0.4010000228881836,1.001999855041504
207,102,wide_high,narrow_high,wide_high,wide_high,0.3952055209617108,3.0,3.0,0.0,False,0.0,792.0,1.4769999980926514,2.427999973297119,0.750999927520752,1.2020001411437988
207,103,narrow_high,wide_low,narrow_high,narrow_high,0.2794697207152699,1.0,1.0,1.0,False,14.0,806.0,0.9770002365112304,1.8030002117156985,0.3249998092651367,0.8010001182556152
207,104,narrow_high,narrow_high,narrow_low,narrow_high,0.2826260326089063,2.0,2.0,1.0,False,14.0,820.0,1.1770000457763672,1.878000020980835,0.7259998321533203,1.2259998321533203
207,105,wide_low,narrow_low,wide_low,wide_low,0.0894616666755872,4.0,4.0,0.0,False,0.0,820.0,3.0299999713897705,3.8559999465942383,0.752000093460083,1.2270002365112305
207,106,wide_high,wide_high,wide_low,wide_high,0.3569873488566865,1.0,1.0,0.0,False,0.0,820.0,1.2769999504089355,1.751999855041504,0.4010000228881836,0.8010001182556152
207,107,narrow_high,narrow_high,wide_low,narrow_high,0.3033937795441541,2.0,2.0,1.0,False,14.0,834.0,1.1010000705718994,2.928999900817871,1.000999927520752,1.5770001411437988
207,108,wide_low,wide_low,narrow_low,wide_low,0.2830323697209251,4.0,4.0,1.0,False,11.0,845.0,1.5769999027252195,2.6540002822875977,0.3249998092651367,1.1259996891021729
209,1,narrow_low,narrow_low,wide_low,narrow_low,0.1636148683667199,5.0,5.0,1.0,False,10.0,10.0,2.690999746322632,3.4709997177124023,3.5210001468658447,3.823000192642212
209,2,wide_high,wide_high,wide_low,wide_high,0.2878832775846132,4.0,4.0,1.0,False,18.0,28.0,2.188999891281128,2.515000104904175,0.9560000896453856,1.1559998989105225
209,3,wide_high,wide_low,wide_high,wide_high,0.3554315643455182,5.0,4.0,0.0,False,0.0,28.0,2.817999839782715,2.991999864578247,0.7059998512268066,1.6349999904632568
209,4,narrow_low,wide_high,narrow_low,narrow_low,0.2133554264142997,6.0,6.0,1.0,False,10.0,38.0,5.079999923706055,7.216999769210815,0.4259998798370361,0.67799973487854
209,5,narrow_high,narrow_high,wide_high,narrow_high,0.2943537461218403,5.0,5.0,1.0,False,14.0,52.0,2.187999963760376,2.4140002727508545,1.3320000171661377,1.557999849319458
209,6,narrow_low,wide_low,narrow_low,narrow_low,0.2348914485497124,6.0,6.0,1.0,False,10.0,62.0,3.5970001220703125,4.426000118255615,0.0420000553131103,0.3999998569488525
209,7,narrow_high,narrow_high,narrow_low,narrow_high,0.3462695612549803,5.0,5.0,0.0,False,0.0,62.0,3.5950000286102295,4.173000335693359,0.0430002212524414,0.0529999732971191
209,8,narrow_high,narrow_high,narrow_low,narrow_high,0.3166042027859795,4.0,3.0,0.0,False,0.0,62.0,2.9679999351501465,3.2680001258850098,1.256999969482422,1.4570000171661377
209,9,narrow_low,narrow_low,narrow_high,narrow_low,0.2070339250494594,6.0,6.0,1.0,False,10.0,72.0,1.8829996585845947,2.008999824523926,0.4270000457763672,0.8040001392364502
209,10,wide_high,wide_high,narrow_low,wide_high,0.3406492696200455,4.0,4.0,0.0,False,0.0,72.0,0.8589999675750732,1.1570000648498535,0.6020002365112305,0.8040001392364502
209,11,narrow_low,narrow_low,narrow_high,narrow_low,0.2063171848077235,5.0,5.0,1.0,False,10.0,82.0,1.4830000400543213,1.733999729156494,0.6040000915527344,3.671999931335449
209,12,narrow_low,wide_low,narrow_low,narrow_low,0.2346631473271245,6.0,6.0,1.0,False,10.0,92.0,0.9059998989105223,1.1059999465942385,0.4289999008178711,0.6039998531341553
209,13,narrow_low,narrow_high,narrow_low,narrow_low,0.2373052715967478,5.0,5.0,1.0,False,10.0,102.0,4.955999851226807,5.1559998989105225,0.2269999980926513,0.4519999027252197
209,14,wide_high,wide_high,narrow_low,wide_high,0.2653549970505165,5.0,5.0,1.0,False,18.0,120.0,1.307999849319458,3.872999906539917,0.5529999732971191,0.8539998531341553
209,15,narrow_low,narrow_low,wide_low,narrow_low,0.2295436672782935,6.0,6.0,1.0,False,10.0,130.0,5.108000040054321,5.431999921798706,0.7790000438690186,0.0310001373291015
209,16,narrow_high,wide_high,narrow_high,narrow_high,0.2561231264272319,6.0,4.0,1.0,False,14.0,144.0,1.6610000133514404,1.910999774932861,0.5269997119903564,0.6519997119903564
209,17,wide_high,narrow_high,wide_high,wide_high,0.3169986179317167,5.0,4.0,0.0,False,0.0,144.0,1.6600000858306885,3.24399995803833,0.1500000953674316,0.4760000705718994
209,18,narrow_high,narrow_high,wide_high,narrow_high,0.2791390606650326,6.0,6.0,1.0,False,14.0,158.0,2.390000104904175,2.564000129699707,0.8050000667572021,0.8249998092651367
209,19,narrow_high,narrow_high,narrow_low,narrow_high,0.2949750263673258,6.0,6.0,1.0,False,14.0,172.0,1.6329998970031738,1.7590000629425049,0.7789998054504395,0.7879998683929443
209,20,wide_high,wide_high,wide_low,wide_high,0.2986149663608219,5.0,5.0,1.0,False,18.0,190.0,2.4159998893737793,2.59000015258789,2.315000057220459,1.55899977684021
209,21,narrow_high,wide_low,narrow_high,narrow_high,0.3199109856576298,6.0,6.0,0.0,False,0.0,190.0,2.0870001316070557,2.236999988555908,1.55899977684021,0.8199996948242188
209,22,wide_high,wide_high,wide_low,wide_high,0.3565908581043596,4.0,4.0,0.0,False,0.0,190.0,3.0959999561309814,3.4210000038146973,0.3519999980926513,0.4759998321533203
209,23,narrow_low,narrow_low,wide_high,narrow_low,0.2069482223605145,5.0,5.0,1.0,False,10.0,200.0,2.716999769210815,3.444999933242798,0.804999828338623,0.0469999313354492
209,24,narrow_low,wide_low,narrow_low,narrow_low,0.2167376267162984,5.0,5.0,1.0,False,10.0,210.0,1.5330002307891846,1.758000135421753,0.4270000457763672,0.5510001182556152
209,25,wide_low,wide_low,wide_high,wide_low,0.1633460288894146,6.0,6.0,1.0,False,11.0,221.0,0.930999755859375,1.0810000896453855,1.559999942779541,1.5699996948242188
209,26,wide_low,wide_low,narrow_high,wide_low,0.342315799273397,5.0,6.0,0.0,False,0.0,221.0,1.307999849319458,1.5839998722076416,0.7059998512268066,0.880000114440918
209,27,narrow_low,narrow_low,wide_low,narrow_low,0.2169012357373733,6.0,6.0,1.0,False,10.0,231.0,1.6089999675750732,1.81000018119812,1.5339999198913574,0.7840001583099365
209,28,wide_low,wide_low,wide_high,wide_low,0.1843433713319866,6.0,6.0,1.0,False,11.0,242.0,1.885000228881836,2.2120001316070557,1.7090001106262207,1.8589999675750732
209,29,narrow_low,wide_high,narrow_low,narrow_low,0.2219711926642228,5.0,5.0,1.0,False,10.0,252.0,1.3580000400543213,1.4830000400543213,0.4519999027252197,0.5780000686645508
209,30,wide_high,wide_high,narrow_low,wide_high,0.3071756749699916,5.0,4.0,1.0,False,18.0,270.0,3.7709999084472656,3.947000026702881,0.8809998035430908,1.1059999465942385
209,31,wide_high,wide_high,narrow_low,wide_high,0.2941136945737491,5.0,5.0,1.0,False,18.0,288.0,2.59000015258789,2.765000104904175,0.378000259399414,0.4770002365112304
209,32,narrow_high,wide_high,narrow_high,narrow_high,0.3085072269913365,6.0,6.0,1.0,False,14.0,302.0,1.4820003509521484,1.683000087738037,0.3529999256134033,0.553999662399292
209,33,wide_high,narrow_low,wide_high,wide_high,0.2411122761404706,5.0,5.0,1.0,False,18.0,320.0,1.6600003242492676,2.3389999866485596,0.4010002613067627,0.5260002613067627
209,34,wide_low,narrow_high,wide_low,wide_low,0.2833185419318118,6.0,6.0,1.0,False,11.0,331.0,2.2899999618530273,2.490000009536743,0.4269998073577881,0.6269996166229248
209,35,wide_low,narrow_high,wide_low,wide_low,0.2855825467772434,6.0,6.0,1.0,False,11.0,342.0,3.6469998359680176,4.3999998569488525,0.0369999408721923,0.0419998168945312
209,36,narrow_high,wide_low,narrow_high,narrow_high,0.3241106080511695,4.0,4.0,0.0,False,0.0,342.0,2.263999938964844,2.4129998683929443,0.3009998798370361,0.4259998798370361
209,37,wide_high,narrow_low,wide_high,wide_high,0.3364915636541507,3.0,5.0,0.0,False,0.0,342.0,1.2820003032684326,2.4630002975463867,1.25600004196167,1.5809998512268066
209,38,narrow_low,narrow_low,wide_high,narrow_low,0.2054002794274045,5.0,6.0,1.0,False,10.0,352.0,1.4580001831054688,1.8600001335144043,0.3259999752044678,0.502000093460083
209,39,narrow_low,narrow_low,wide_low,narrow_low,0.1909577258467595,6.0,5.0,0.0,False,0.0,352.0,0.6549997329711914,2.7669997215270996,0.4530000686645508,0.6019999980926514
209,40,narrow_low,wide_low,narrow_low,narrow_low,0.2133366813772266,6.0,5.0,1.0,False,10.0,362.0,0.8290002346038818,1.0789999961853027,0.3270001411437988,0.4530000686645508
209,41,narrow_low,narrow_low,narrow_high,narrow_low,0.1983938371353044,4.0,5.0,1.0,False,10.0,372.0,0.9560003280639648,1.132000207901001,0.4519999027252197,0.5769999027252197
209,42,narrow_low,narrow_low,wide_low,narrow_low,0.1868996274461152,4.0,5.0,1.0,False,10.0,382.0,1.8359999656677248,1.986000061035156,1.1069996356964111,1.2819998264312744
209,43,narrow_high,narrow_low,narrow_high,narrow_high,0.2665797699140984,4.0,5.0,1.0,False,14.0,396.0,1.9859998226165771,2.211999893188477,0.6039998531341553,0.7529997825622559
209,44,wide_low,wide_low,wide_high,wide_low,0.2661130960206555,5.0,6.0,1.0,False,11.0,407.0,3.067999839782715,3.193000078201294,1.055999994277954,1.1810002326965332
209,45,wide_low,wide_low,narrow_low,wide_low,0.2523416803706673,5.0,4.0,1.0,False,11.0,418.0,2.5899999141693115,2.7649998664855957,0.5289998054504395,0.628000020980835
209,46,wide_low,wide_low,wide_high,wide_low,0.2698475393575743,4.0,5.0,1.0,False,11.0,429.0,3.822000026702881,3.82699990272522,0.5049998760223389,0.6289999485015869
209,47,narrow_high,wide_high,narrow_high,narrow_high,0.3030574084550985,5.0,4.0,1.0,False,14.0,443.0,2.616999864578247,4.073999881744385,0.8559999465942383,1.0810000896453855
209,48,narrow_low,narrow_low,narrow_high,narrow_low,0.220921345290309,6.0,6.0,1.0,False,10.0,453.0,1.5340001583099363,1.68500018119812,0.3279998302459717,0.4519999027252197
209,49,wide_low,narrow_low,wide_low,wide_low,0.2224170694483905,5.0,6.0,1.0,False,11.0,464.0,1.256999969482422,1.8350000381469729,1.557999849319458,1.7579998970031738
209,50,wide_low,wide_low,narrow_high,wide_low,0.1489700865886183,5.0,5.0,0.0,False,0.0,464.0,1.937000036239624,2.1130001544952393,0.9559998512268066,1.1569998264312744
209,51,narrow_high,wide_low,narrow_high,narrow_high,0.3091229155498017,5.0,4.0,1.0,False,14.0,478.0,1.8349997997283936,2.059999942779541,0.4790000915527344,0.6539998054504395
209,52,narrow_high,wide_low,narrow_high,narrow_high,0.3394798532070848,5.0,4.0,0.0,False,0.0,478.0,1.4069998264312744,1.6579999923706057,0.6540000438690186,0.9040000438690186
209,53,wide_low,wide_low,narrow_high,wide_low,0.2170719600079396,4.0,5.0,1.0,False,11.0,489.0,3.6459999084472656,4.021999835968018,0.7799999713897705,1.055000066757202
209,54,wide_low,narrow_low,wide_low,wide_low,0.2826308393859252,5.0,4.0,1.0,False,11.0,500.0,1.6599998474121094,1.8849999904632568,1.00600004196167,1.1550002098083496
209,55,wide_low,wide_low,narrow_high,wide_low,0.1418190129884951,5.0,4.0,1.0,False,11.0,511.0,2.0129997730255127,2.388000011444092,0.5770003795623779,0.7009999752044678
209,56,narrow_low,narrow_low,wide_low,narrow_low,0.2307859271306721,4.0,5.0,1.0,False,10.0,521.0,3.696000099182129,3.971000194549561,0.3509995937347412,0.4769997596740722
209,57,narrow_high,wide_low,narrow_high,narrow_high,0.3263606797395357,5.0,4.0,0.0,False,0.0,521.0,1.4590001106262207,1.6610002517700195,1.7100000381469729,1.885000228881836
209,58,wide_low,wide_low,narrow_high,wide_low,0.1585014164449921,5.0,6.0,1.0,False,11.0,532.0,1.5829999446868896,1.7590000629425049,0.1759998798370361,0.3759999275207519
209,59,narrow_high,wide_high,narrow_high,narrow_high,0.3242412995557846,5.0,4.0,0.0,False,0.0,532.0,1.2320001125335691,1.633000135421753,0.3010001182556152,0.4270000457763672
209,60,narrow_low,narrow_low,wide_high,narrow_low,0.2175988912036331,5.0,4.0,1.0,False,10.0,542.0,1.7089998722076416,1.935999870300293,0.8550000190734863,1.986000061035156
209,61,narrow_low,narrow_low,wide_low,narrow_low,0.1935734545348108,4.0,5.0,1.0,False,10.0,552.0,1.4340002536773682,1.6340000629425049,0.6800000667572021,0.8289999961853027
209,62,wide_low,wide_low,narrow_high,wide_low,0.2460897151077624,5.0,4.0,1.0,False,11.0,563.0,1.3320000171661377,1.5329999923706057,0.5529999732971191,0.7290000915527344
209,63,narrow_high,narrow_high,narrow_low,narrow_high,0.296679015174229,5.0,4.0,1.0,False,14.0,577.0,1.8120002746582031,1.9620001316070557,1.1560001373291016,1.25600004196167
209,64,wide_low,wide_low,wide_high,wide_low,0.1805075846050712,5.0,4.0,1.0,False,11.0,588.0,3.922000169754028,4.17300009727478,4.654000282287598,4.855000019073486
209,65,wide_low,wide_high,wide_low,wide_low,0.2850712771964021,5.0,4.0,1.0,False,11.0,599.0,5.609000205993652,5.7840001583099365,0.3529999256134033,0.4269998073577881
209,66,narrow_low,narrow_low,wide_low,narrow_low,0.1936760625292493,6.0,6.0,1.0,False,10.0,609.0,1.4570000171661377,1.6570000648498535,0.9310002326965332,1.0810003280639648
209,67,wide_high,wide_low,wide_high,wide_high,0.2682491016912243,6.0,6.0,1.0,False,18.0,627.0,1.761000394821167,2.138000249862671,0.3759999275207519,0.5520000457763672
209,68,wide_high,narrow_high,wide_high,wide_high,0.2699437260968549,6.0,5.0,1.0,False,18.0,645.0,1.3600001335144043,1.559999942779541,1.5069997310638428,1.7839999198913574
209,69,wide_high,wide_high,narrow_low,wide_high,0.2203887956995828,6.0,6.0,1.0,False,18.0,663.0,1.4580001831054688,1.7850000858306885,2.11299991607666,2.312999963760376
209,70,narrow_high,narrow_high,narrow_low,narrow_high,0.2913314599468799,5.0,6.0,1.0,False,14.0,677.0,1.9110000133514404,2.138000011444092,0.0369999408721923,0.2750000953674316
209,71,narrow_high,wide_low,narrow_high,narrow_high,0.3275359450837944,5.0,4.0,1.0,False,14.0,691.0,2.1369998455047607,2.312999725341797,0.3259997367858886,0.4509999752044678
209,72,wide_high,narrow_high,wide_high,wide_high,0.3367578945430272,5.0,6.0,0.0,False,0.0,691.0,1.9099998474121096,2.111000061035156,0.3519999980926513,0.4769999980926513
209,73,narrow_high,narrow_low,narrow_high,narrow_high,0.2712938159590291,6.0,6.0,1.0,False,14.0,705.0,1.3829996585845947,1.5839998722076416,1.4890000820159912,1.7109999656677246
209,74,narrow_high,narrow_high,narrow_low,narrow_high,0.3280023944540439,4.0,5.0,1.0,False,14.0,719.0,3.4220001697540283,3.569000005722046,0.3540000915527344,0.4529998302459717
209,75,wide_high,narrow_high,wide_high,wide_high,0.1881734726288805,6.0,4.0,1.0,False,18.0,737.0,4.301999807357788,4.501999855041504,0.378000259399414,0.502000093460083
209,76,wide_high,wide_high,narrow_low,wide_high,0.3024019815361637,5.0,4.0,1.0,False,18.0,755.0,2.9930002689361572,3.193000078201294,0.4270000457763672,0.5520000457763672
209,77,wide_low,narrow_low,wide_low,wide_low,0.2025380750423581,5.0,4.0,1.0,False,11.0,766.0,1.3869998455047607,1.559000015258789,0.4540002346038818,0.5530002117156982
209,78,wide_high,narrow_low,wide_high,wide_high,0.412222239311949,6.0,4.0,0.0,False,0.0,766.0,2.1130001544952393,2.263000011444092,0.1509997844696045,0.3759999275207519
209,79,narrow_high,narrow_high,wide_low,narrow_high,0.2873682664348167,5.0,5.0,1.0,False,14.0,780.0,3.898000240325928,4.148000001907349,0.4030001163482666,0.4770002365112304
209,80,narrow_high,narrow_low,narrow_high,narrow_high,0.3066932317862434,4.0,4.0,1.0,False,14.0,794.0,4.224999904632568,4.677000045776367,0.4769999980926513,0.628000020980835
209,81,wide_low,wide_low,narrow_low,wide_low,0.304241014201622,6.0,5.0,1.0,False,11.0,805.0,1.6100001335144043,1.7849998474121094,0.3770003318786621,0.4760003089904785
209,82,wide_low,narrow_low,wide_low,wide_low,0.1664730807516821,6.0,6.0,1.0,False,11.0,816.0,1.1559998989105225,1.3559999465942385,0.3020000457763672,0.3519999980926513
209,83,wide_low,narrow_low,wide_low,wide_low,0.1463214585808358,5.0,6.0,1.0,False,11.0,827.0,1.4579999446868896,1.6080000400543213,0.3270001411437988,0.4769999980926513
209,84,wide_high,wide_high,narrow_low,wide_high,0.1871371863841973,5.0,4.0,1.0,False,18.0,845.0,2.942000150680542,3.0929999351501465,0.3519999980926513,0.4779999256134033
209,85,wide_low,narrow_low,wide_low,wide_low,0.2236684979314024,6.0,6.0,1.0,False,11.0,856.0,6.915999889373779,7.0929999351501465,0.3029999732971191,0.4270000457763672
209,86,wide_high,narrow_low,wide_high,wide_high,0.3018495105168519,6.0,5.0,1.0,False,18.0,874.0,1.6089999675750732,1.7839999198913574,0.1989998817443847,0.3499999046325683
209,87,wide_high,narrow_high,wide_high,wide_high,0.4243366857322334,6.0,6.0,0.0,False,0.0,874.0,1.7360000610351562,2.0119996070861816,1.1329998970031738,1.308000087738037
209,88,narrow_high,narrow_high,wide_low,narrow_high,0.3241319621013627,6.0,5.0,1.0,False,14.0,888.0,1.4830000400543213,1.683000087738037,1.4830000400543213,1.6590001583099363
209,89,wide_high,wide_high,wide_low,wide_high,0.4288371648640068,5.0,4.0,0.0,False,0.0,888.0,1.3829998970031738,1.5319998264312744,0.2260000705718994,0.376000165939331
209,90,wide_high,wide_high,narrow_high,wide_high,0.3466365718589191,5.0,6.0,1.0,False,18.0,906.0,1.131999969482422,1.2810001373291016,0.4000000953674316,0.5499999523162842
209,91,wide_high,wide_high,wide_low,wide_high,0.2214105582663932,6.0,5.0,1.0,False,18.0,924.0,1.4089999198913574,1.5329999923706057,0.5279998779296875,0.7529997825622559
209,92,wide_high,narrow_high,wide_high,wide_high,0.4412450583536769,6.0,6.0,0.0,False,0.0,924.0,14.388000011444092,15.1419997215271,27.013999938964844,27.917999982833862
209,93,wide_high,wide_high,wide_low,wide_high,0.3311297976774411,6.0,5.0,1.0,False,18.0,942.0,4.627000093460083,5.053000211715698,0.6810002326965332,0.8799998760223389
209,94,narrow_high,narrow_high,wide_low,narrow_high,0.2986594964135493,5.0,6.0,1.0,False,14.0,956.0,1.8350000381469729,2.438999891281128,2.0379998683929443,2.9170000553131104
209,95,narrow_high,narrow_high,wide_low,narrow_high,0.3131716560360126,5.0,5.0,1.0,False,14.0,970.0,3.775000095367432,5.735000133514404,5.936000108718872,6.840000152587891
209,96,wide_high,narrow_low,wide_high,wide_high,0.3152298048478495,6.0,5.0,1.0,False,18.0,988.0,2.5909998416900635,2.740999937057495,0.3260002136230469,0.4500002861022949
209,97,wide_high,wide_high,narrow_low,wide_high,0.301474153943389,6.0,6.0,1.0,False,18.0,1006.0,2.34000015258789,3.1180002689361572,1.7860000133514404,1.9100000858306885
209,98,wide_low,narrow_low,wide_low,wide_low,0.2284353553970994,6.0,5.0,1.0,False,11.0,1017.0,2.11299991607666,3.294000148773194,1.5829999446868896,2.413000106811523
209,99,narrow_high,narrow_high,wide_low,narrow_high,0.2942654389758156,5.0,5.0,1.0,False,14.0,1031.0,2.8929998874664307,4.703000068664551,2.9169998168945312,4.124000072479248
209,100,wide_high,wide_low,wide_high,wide_high,0.3950046095351988,5.0,6.0,0.0,False,0.0,1031.0,1.6349999904632568,2.1369998455047607,0.3510000705718994,0.9550001621246338
209,101,wide_low,wide_low,narrow_low,wide_low,0.3008195583987807,6.0,6.0,1.0,False,11.0,1042.0,3.2190001010894775,3.4200000762939453,1.7130000591278076,1.9110002517700195
209,102,wide_low,narrow_low,wide_low,wide_low,0.2769934302813379,5.0,4.0,1.0,False,11.0,1053.0,1.055999994277954,1.305999755859375,0.9549996852874756,1.1049997806549072
209,103,narrow_high,narrow_low,narrow_high,narrow_high,0.2755352761524901,5.0,4.0,1.0,False,14.0,1067.0,1.8849999904632568,2.2629997730255127,1.557999849319458,1.7089998722076416
209,104,wide_high,wide_high,narrow_high,wide_high,0.3147707459036269,6.0,5.0,1.0,False,18.0,1085.0,3.9479997158050537,4.47599983215332,4.30299973487854,5.154999732971191
209,105,wide_high,wide_low,wide_high,wide_high,0.2303383898226416,6.0,5.0,1.0,False,18.0,1103.0,1.9620001316070557,2.4140000343322754,0.4509997367858886,0.6509997844696045
209,106,wide_high,narrow_high,wide_high,wide_high,0.3244131215127142,5.0,6.0,1.0,False,18.0,1121.0,7.822000026702881,8.023000001907349,0.1509997844696045,0.3259997367858886
209,107,wide_low,narrow_low,wide_low,wide_low,0.1680174074326334,6.0,6.0,1.0,False,11.0,1132.0,1.68399977684021,1.8349997997283936,0.804999828338623,0.8199996948242188
209,108,wide_high,narrow_high,wide_high,wide_high,0.2745656749739287,6.0,5.0,1.0,False,18.0,1150.0,2.48799991607666,2.6389997005462646,2.187999725341797,2.488999843597412
214,1,narrow_high,narrow_high,narrow_low,narrow_high,0.3099825722367302,4.0,2.0,0.0,False,0.0,0.0,11.240999937057495,14.276999950408936,6.591000080108643,9.438000202178957
214,2,wide_high,narrow_low,wide_high,wide_high,0.2727346628894179,3.0,2.0,1.0,False,18.0,18.0,3.5230000019073486,5.470999717712402,3.5199999809265137,5.300000429153442
214,3,wide_low,wide_low,narrow_low,wide_low,0.2332915530000016,3.0,4.0,1.0,False,11.0,29.0,1.602999925613403,4.11899995803833,2.618000030517578,4.740999937057495
214,4,wide_high,wide_low,wide_high,wide_high,0.2596625145227666,4.0,3.0,1.0,False,18.0,47.0,31.10200023651123,33.01100015640259,2.2269999980926514,3.4139997959136963
214,5,narrow_high,narrow_high,narrow_low,narrow_high,0.2929138620812048,4.0,4.0,1.0,False,14.0,61.0,2.7869999408721924,4.634999990463257,1.993000030517578,4.7170000076293945
214,6,wide_low,narrow_low,wide_low,wide_low,0.2275959876477859,4.0,5.0,1.0,False,11.0,72.0,3.434000015258789,4.41100001335144,2.4670000076293945,3.924000024795532
214,7,narrow_high,wide_low,narrow_high,narrow_high,0.3078346658642237,4.0,5.0,1.0,False,14.0,86.0,4.682000160217285,5.629000186920166,5.0340001583099365,5.961000204086304
214,8,wide_high,wide_low,wide_high,wide_high,0.267081512714331,3.0,2.0,1.0,False,18.0,104.0,4.5970001220703125,6.652000188827515,1.3829998970031738,2.938999891281128
214,9,wide_high,wide_low,wide_high,wide_high,0.2320243569717917,3.0,2.0,1.0,False,18.0,122.0,5.889999866485596,6.545000076293945,3.055999994277954,3.5260000228881836
214,10,wide_high,wide_high,narrow_low,wide_high,0.2533405812072057,3.0,2.0,1.0,False,18.0,140.0,5.453999996185303,5.931999921798706,2.2970001697540283,2.949000358581543
214,11,wide_high,narrow_low,wide_high,wide_high,0.2076557737611179,4.0,3.0,1.0,False,18.0,158.0,3.756000280380249,4.6570000648498535,2.1510000228881836,3.5280001163482666
214,12,narrow_high,narrow_low,narrow_high,narrow_high,0.3035389688114115,4.0,5.0,1.0,False,14.0,172.0,2.4830000400543213,2.935999870300293,3.7039999961853023,4.297999858856201
214,13,wide_low,narrow_low,wide_low,wide_low,0.2272571843767797,4.0,5.0,1.0,False,11.0,183.0,3.619000196456909,4.449000120162964,1.004000186920166,1.6489999294281006
214,14,wide_high,narrow_low,wide_high,wide_high,0.3720877328045718,4.0,3.0,0.0,False,0.0,183.0,1.852999925613403,2.495999813079834,1.5380001068115234,2.309999704360962
214,15,wide_high,wide_high,narrow_high,wide_high,0.242368931613425,2.0,3.0,1.0,False,18.0,201.0,5.306999921798706,6.0980000495910645,2.318999767303467,2.9489998817443848
214,16,narrow_high,narrow_high,narrow_low,narrow_high,0.3020175981015283,4.0,4.0,1.0,False,14.0,215.0,1.704999923706055,2.2760000228881836,2.183000087738037,2.638000249862671
214,17,wide_high,wide_low,wide_high,wide_high,0.2675446031856177,4.0,3.0,1.0,False,18.0,233.0,3.510999917984009,4.463000059127808,1.888000011444092,2.684999942779541
214,18,narrow_high,narrow_high,wide_low,narrow_high,0.3199758751275766,4.0,5.0,0.0,False,0.0,233.0,2.2790000438690186,2.7890002727508545,2.315000057220459,3.3450000286102295
214,19,wide_high,narrow_low,wide_high,wide_high,0.2908271326759533,3.0,4.0,1.0,False,18.0,251.0,3.652000188827514,4.5329999923706055,1.1939997673034668,2.7939999103546143
214,20,narrow_high,narrow_high,wide_low,narrow_high,0.2847026340927847,3.0,4.0,1.0,False,14.0,265.0,3.809999942779541,4.313999891281128,2.4830000400543213,2.888999938964844
214,21,wide_high,wide_high,narrow_high,wide_high,0.3550690196195819,4.0,4.0,0.0,False,0.0,265.0,2.135999917984009,2.5899999141693115,1.5889999866485596,2.1019999980926514
214,22,narrow_high,narrow_high,wide_low,narrow_high,0.2862696431066061,4.0,3.0,1.0,False,14.0,279.0,1.6669998168945312,2.2029998302459717,2.836999893188477,3.822999954223633
214,23,wide_high,wide_low,wide_high,wide_high,0.3474069610030429,4.0,3.0,0.0,False,0.0,279.0,1.8070001602172852,5.684999942779541,4.103000164031982,4.943000078201294
214,24,narrow_high,narrow_low,narrow_high,narrow_high,0.2860143869131439,4.0,3.0,1.0,False,14.0,293.0,3.8630001544952393,4.8349997997283936,2.388000011444092,3.438000202178955
214,25,narrow_high,narrow_high,wide_low,narrow_high,0.2790878646135466,3.0,3.0,1.0,False,14.0,307.0,1.805000066757202,2.4090001583099365,2.435999870300293,3.001999855041504
214,26,wide_high,narrow_low,wide_high,wide_high,0.307499411306187,4.0,3.0,1.0,False,18.0,325.0,4.357999801635742,5.096999883651733,0.8919999599456787,1.4229998588562012
214,27,narrow_high,narrow_high,narrow_low,narrow_high,0.2942177085458224,4.0,4.0,1.0,False,14.0,339.0,7.657000064849853,8.460999965667725,6.69100022315979,7.059000253677368
214,28,narrow_high,wide_low,narrow_high,narrow_high,0.3226113706179962,5.0,3.0,0.0,False,0.0,339.0,3.0869996547698975,3.867000102996826,2.3969998359680176,2.8539998531341553
214,29,wide_high,narrow_high,wide_high,wide_high,0.2970868725022051,5.0,4.0,1.0,False,18.0,357.0,3.447000026702881,4.07699990272522,1.1500000953674316,1.7070000171661377
214,30,wide_high,wide_high,narrow_low,wide_high,0.3141513124354666,5.0,4.0,0.0,False,0.0,357.0,1.4249999523162842,1.9250001907348633,1.883000135421753,2.3459999561309814
214,31,narrow_high,narrow_high,narrow_low,narrow_high,0.3079034380450214,4.0,3.0,1.0,False,14.0,371.0,2.4619996547698975,3.0289998054504395,1.0930001735687256,1.8450002670288088
214,32,wide_high,wide_high,narrow_low,wide_high,0.3486640731721231,4.0,3.0,0.0,False,0.0,371.0,5.068000078201294,6.207000017166138,1.138000249862671,3.117000102996826
214,33,wide_high,narrow_high,wide_high,wide_high,0.3776640051253503,5.0,3.0,0.0,False,0.0,371.0,1.891000270843506,2.6570000648498535,0.4059998989105224,1.1099998950958252
214,34,wide_high,narrow_high,wide_high,wide_high,0.3924954112762029,5.0,3.0,0.0,False,0.0,371.0,1.17199969291687,1.5629997253417969,1.4540002346038818,1.9630000591278076
214,35,wide_low,wide_low,narrow_low,wide_low,0.1684238564810402,5.0,5.0,1.0,False,11.0,382.0,1.2329998016357422,1.6630001068115234,1.0729999542236328,1.8289999961853027
214,36,wide_high,wide_high,narrow_high,wide_high,0.2439700661864722,4.0,3.0,1.0,False,18.0,400.0,1.132000207901001,1.6160001754760742,1.4620001316070557,2.652000188827514
214,37,wide_low,wide_low,narrow_low,wide_low,0.1839663808868515,5.0,5.0,1.0,False,11.0,411.0,3.997000217437744,4.420000076293945,3.0480000972747803,3.486000061035156
214,38,wide_low,narrow_low,wide_low,wide_low,0.2220777151247023,5.0,5.0,1.0,False,11.0,422.0,6.958999872207642,7.568000078201294,1.5510001182556152,2.314000129699707
214,39,narrow_high,wide_low,narrow_high,narrow_high,0.274460312159951,4.0,3.0,1.0,False,14.0,436.0,3.59000015258789,4.109000205993652,0.4240000247955322,1.0209999084472656
214,40,narrow_high,narrow_low,narrow_high,narrow_high,0.3057696367211792,5.0,3.0,1.0,False,14.0,450.0,1.2030000686645508,1.6429998874664309,1.1150002479553225,1.6740000247955322
214,41,wide_low,wide_low,narrow_low,wide_low,0.1881792601254239,5.0,6.0,1.0,False,11.0,461.0,1.8900001049041748,2.9100000858306885,0.5940001010894775,1.249000072479248
214,42,narrow_high,wide_low,narrow_high,narrow_high,0.2722260210386408,4.0,3.0,1.0,False,14.0,475.0,2.390000104904175,2.990000009536743,0.6740000247955322,1.184999942779541
214,43,wide_high,wide_low,wide_high,wide_high,0.3256687410347414,5.0,3.0,0.0,False,0.0,475.0,1.3209998607635498,1.7740001678466797,1.176999807357788,1.7100000381469729
214,44,wide_high,narrow_high,wide_high,wide_high,0.2668321517765892,4.0,3.0,1.0,False,18.0,493.0,1.2239999771118164,1.746000051498413,0.8830001354217529,1.2730000019073486
214,45,narrow_high,narrow_high,narrow_low,narrow_high,0.310578055639081,4.0,3.0,0.0,False,0.0,493.0,3.014000177383423,3.428999900817871,0.7179999351501465,1.0120000839233398
214,46,narrow_high,narrow_high,wide_low,narrow_high,0.3041988976411792,4.0,3.0,1.0,False,14.0,507.0,1.686000108718872,2.115000009536743,0.4790000915527344,0.942000150680542
214,47,wide_high,wide_high,wide_low,wide_high,0.291390268545618,5.0,3.0,1.0,False,18.0,525.0,1.0510001182556152,1.498000144958496,1.4249999523162842,1.98799991607666
214,48,wide_high,wide_low,wide_high,wide_high,0.2996629863658511,5.0,3.0,1.0,False,18.0,543.0,1.323000192642212,1.7599999904632568,1.2330000400543213,2.180000066757202
214,49,wide_low,wide_low,narrow_low,wide_low,0.3385589302251174,6.0,6.0,0.0,False,0.0,543.0,4.1539998054504395,4.869999885559082,0.69100022315979,1.9660003185272217
214,50,narrow_high,narrow_high,wide_low,narrow_high,0.2961545673100361,4.0,3.0,1.0,False,14.0,557.0,1.0839998722076416,1.4879999160766602,0.4609999656677246,0.9550001621246338
214,51,narrow_high,wide_low,narrow_high,narrow_high,0.2938671835890982,5.0,3.0,1.0,False,14.0,571.0,2.135999917984009,3.386000156402588,0.9670000076293944,1.9649999141693115
214,52,wide_high,wide_high,wide_low,wide_high,0.3380470999432441,5.0,4.0,0.0,False,0.0,571.0,1.1779999732971191,1.631999969482422,1.6329998970031738,2.3539998531341553
214,53,wide_high,wide_high,narrow_low,wide_high,0.3752367870747759,5.0,3.0,0.0,False,0.0,571.0,0.6679999828338623,1.2249999046325684,1.5720000267028809,1.9610002040863037
214,54,narrow_high,narrow_high,wide_low,narrow_high,0.2906425554437926,4.0,3.0,1.0,False,14.0,585.0,4.046999931335449,4.420999765396118,1.0950002670288086,1.5580003261566162
214,55,wide_high,wide_low,wide_high,wide_high,0.3009348278094885,5.0,4.0,1.0,False,18.0,603.0,1.1370000839233398,1.5829999446868896,4.416999816894531,4.829999923706055
214,56,narrow_high,wide_low,narrow_high,narrow_high,0.3062409457503188,4.0,4.0,1.0,False,14.0,617.0,1.4030001163482666,1.8409998416900637,1.2340002059936523,1.6790001392364502
214,57,narrow_high,narrow_high,wide_low,narrow_high,0.3074982593865928,4.0,4.0,1.0,False,14.0,631.0,2.927000045776367,4.0849997997283936,1.430000066757202,2.236000061035156
214,58,narrow_high,narrow_high,narrow_low,narrow_high,0.2924707479056706,5.0,4.0,1.0,False,14.0,645.0,1.429999828338623,2.0840001106262207,0.5759999752044678,1.7289998531341553
214,59,wide_high,wide_high,wide_low,wide_high,0.2739772180191123,5.0,4.0,1.0,False,18.0,663.0,0.9459998607635498,1.7599999904632568,1.126999855041504,3.049999713897705
214,60,narrow_high,wide_low,narrow_high,narrow_high,0.3120811411282612,5.0,4.0,0.0,False,0.0,663.0,1.602999925613403,2.430999994277954,1.5250000953674316,2.0360000133514404
214,61,wide_high,wide_high,narrow_low,wide_high,0.2351268294845818,5.0,4.0,1.0,False,18.0,681.0,1.1590001583099363,1.5160000324249268,0.4800000190734863,0.8480000495910645
214,62,wide_high,wide_high,narrow_low,wide_high,0.2212253090738358,5.0,4.0,1.0,False,18.0,699.0,1.1660001277923584,1.6099998950958252,0.5,0.8650000095367432
214,63,wide_high,narrow_high,wide_high,wide_high,0.3494999018725346,5.0,4.0,0.0,False,0.0,699.0,3.4580001831054688,3.7920000553131104,0.5230002403259277,0.945000410079956
214,64,narrow_high,wide_low,narrow_high,narrow_high,0.2956798844113245,4.0,3.0,1.0,False,14.0,713.0,2.236000061035156,2.6760001182556152,2.246999740600586,3.108999729156494
214,65,narrow_high,narrow_low,narrow_high,narrow_high,0.2859016046158831,5.0,4.0,1.0,False,14.0,727.0,4.772000074386597,5.207000017166138,0.936000108718872,1.565999984741211
214,66,wide_high,wide_high,narrow_low,wide_high,0.3084161391938698,4.0,4.0,0.0,False,0.0,727.0,6.786999940872192,7.313000202178955,1.878999948501587,4.783999919891357
214,67,wide_low,wide_low,narrow_low,wide_low,0.3335546910486446,6.0,5.0,0.0,False,0.0,727.0,2.183000087738037,2.6500003337860107,1.316999912261963,2.3919999599456787
214,68,wide_high,wide_high,narrow_low,wide_high,0.318712955821431,5.0,3.0,0.0,False,0.0,727.0,3.883000135421753,4.2850000858306885,0.690000057220459,1.1359999179840088
214,69,narrow_high,narrow_high,wide_low,narrow_high,0.3193849131535209,5.0,3.0,0.0,False,0.0,727.0,3.838000059127808,4.267000198364258,0.4440000057220459,1.4530000686645508
214,70,wide_high,wide_high,wide_low,wide_high,0.1893366910952575,5.0,3.0,1.0,False,18.0,745.0,1.108999729156494,1.61899995803833,0.4529998302459717,0.9139997959136964
214,71,narrow_high,narrow_high,narrow_low,narrow_high,0.3212908417934215,4.0,3.0,0.0,False,0.0,745.0,1.7880001068115234,2.260999917984009,1.138000249862671,1.5220003128051758
214,72,wide_high,wide_high,wide_low,wide_high,0.2317100747291026,5.0,4.0,1.0,False,18.0,763.0,1.252000093460083,1.8420002460479736,0.5139997005462646,1.0809998512268066
214,73,wide_high,wide_high,wide_low,wide_high,0.3157662772510655,5.0,4.0,0.0,False,0.0,763.0,0.9879999160766602,1.5279998779296875,0.5120000839233398,0.9459998607635498
214,74,narrow_high,narrow_low,narrow_high,narrow_high,0.3166639489038424,5.0,3.0,0.0,False,0.0,763.0,2.0300002098083496,2.3380000591278076,0.5399999618530273,1.000999927520752
214,75,wide_high,wide_high,narrow_high,wide_high,0.2865183967200821,5.0,3.0,1.0,False,18.0,781.0,1.6640000343322754,3.134999990463257,0.5250000953674316,0.8859999179840088
214,76,narrow_high,narrow_high,narrow_low,narrow_high,0.3005350201895465,5.0,3.0,1.0,False,14.0,795.0,2.017000198364258,2.4630000591278076,0.4849998950958252,1.2029998302459717
214,77,narrow_high,narrow_low,narrow_high,narrow_high,0.3187608558152381,5.0,4.0,0.0,False,0.0,795.0,4.1670002937316895,4.6690003871917725,2.1689999103546143,2.5259997844696045
214,78,narrow_high,wide_low,narrow_high,narrow_high,0.3084244609216022,5.0,3.0,1.0,False,14.0,809.0,1.8569998741149905,2.2249999046325684,0.4539999961853027,1.1429998874664309
214,79,wide_high,narrow_low,wide_high,wide_high,0.2600355001433484,5.0,4.0,1.0,False,18.0,827.0,0.9030001163482666,1.2230002880096436,0.4839999675750732,0.9079999923706056
214,80,wide_high,narrow_high,wide_high,wide_high,0.2962580480135183,5.0,4.0,1.0,False,18.0,845.0,1.704999923706055,2.2290000915527344,0.6909999847412109,1.1129999160766602
214,81,narrow_high,narrow_high,wide_low,narrow_high,0.3029567982111817,5.0,3.0,1.0,False,14.0,859.0,1.993000030517578,2.304999828338623,1.0309996604919434,1.306999683380127
214,82,narrow_high,narrow_high,wide_low,narrow_high,0.3355380535745263,5.0,3.0,0.0,False,0.0,859.0,4.267000198364258,4.693000078201294,1.5279998779296875,2.251999616622925
214,83,wide_high,narrow_low,wide_high,wide_high,0.3375843637766998,5.0,4.0,0.0,False,0.0,859.0,1.0249998569488523,1.5099997520446775,0.4069998264312744,0.7799997329711914
214,84,narrow_high,narrow_high,wide_low,narrow_high,0.2802870006263495,4.0,3.0,1.0,False,14.0,873.0,1.437999963760376,1.7929999828338623,0.4760000705718994,1.0340001583099363
214,85,narrow_high,narrow_high,wide_low,narrow_high,0.2981835976476802,4.0,3.0,1.0,False,14.0,887.0,0.3840000629425049,1.1349999904632568,1.506000280380249,1.8500001430511477
214,86,wide_high,narrow_high,wide_high,wide_high,0.2802171102867684,5.0,4.0,1.0,False,18.0,905.0,1.2409999370574951,1.5929999351501465,0.4599997997283935,1.1619999408721924
214,87,wide_high,narrow_high,wide_high,wide_high,0.3015969001260055,5.0,4.0,1.0,False,18.0,923.0,1.0460002422332764,1.381000280380249,0.311000108718872,0.7590000629425049
214,88,wide_high,wide_low,wide_high,wide_high,0.3834864082504375,6.0,4.0,0.0,False,0.0,923.0,2.246000289916992,2.5880002975463867,1.244999885559082,1.5790002346038818
214,89,wide_high,wide_high,narrow_high,wide_high,0.2843964798501626,5.0,3.0,1.0,False,18.0,941.0,4.324000120162964,4.730000019073486,1.2590000629425049,1.9089999198913576
214,90,wide_low,narrow_low,wide_low,wide_low,0.1287052043263902,6.0,5.0,1.0,False,11.0,952.0,1.2960000038146973,1.939000129699707,0.4049999713897705,0.8590002059936523
214,91,wide_high,narrow_low,wide_high,wide_high,0.2501811979033098,5.0,4.0,1.0,False,18.0,970.0,4.471999883651733,4.763999938964844,1.4639999866485596,1.7450001239776611
214,92,wide_high,wide_high,narrow_high,wide_high,0.2962966276635682,5.0,4.0,1.0,False,18.0,988.0,1.0749998092651367,1.5209999084472656,0.4030001163482666,0.7289998531341553
214,93,wide_high,narrow_low,wide_high,wide_high,0.423778919050397,6.0,4.0,0.0,False,0.0,988.0,1.7079999446868896,2.5209999084472656,0.4709997177124023,0.9009997844696044
214,94,wide_high,wide_high,narrow_high,wide_high,0.2833607635765783,5.0,4.0,1.0,False,18.0,1006.0,0.9460000991821288,1.2200002670288086,1.4219999313354492,1.877000093460083
214,95,wide_high,wide_low,wide_high,wide_high,0.28721307465246,6.0,4.0,1.0,False,18.0,1024.0,1.442000150680542,1.8239998817443848,0.437999963760376,0.9070000648498536
214,96,wide_low,narrow_low,wide_low,wide_low,0.1604522970316017,5.0,5.0,1.0,False,11.0,1035.0,2.375000238418579,2.9079999923706055,1.625999927520752,2.152000188827514
214,97,wide_low,narrow_low,wide_low,wide_low,0.1927661496767544,6.0,5.0,1.0,False,11.0,1046.0,1.5119998455047607,2.0929999351501465,0.5239999294281006,1.5439999103546145
214,98,wide_high,wide_high,narrow_high,wide_high,0.2649564239963303,5.0,4.0,1.0,False,18.0,1064.0,4.3379998207092285,4.773999929428101,0.1989996433258056,0.7209999561309814
214,99,wide_low,narrow_low,wide_low,wide_low,0.2087343551289787,6.0,5.0,1.0,False,11.0,1075.0,3.1489999294281006,3.496000051498413,0.3970000743865967,0.8009998798370361
214,100,wide_high,narrow_high,wide_high,wide_high,0.2900194327642286,5.0,4.0,1.0,False,18.0,1093.0,8.634999990463257,9.337999820709229,0.4800000190734863,1.002999782562256
214,101,narrow_high,narrow_high,wide_low,narrow_high,0.3328412761021369,4.0,3.0,0.0,False,0.0,1093.0,1.9930002689361572,2.457000255584717,0.4079999923706054,0.878000020980835
214,102,narrow_high,wide_low,narrow_high,narrow_high,0.320648276702332,4.0,3.0,0.0,False,0.0,1093.0,1.3389999866485596,2.6070001125335693,0.434999942779541,0.8659999370574951
214,103,narrow_high,wide_low,narrow_high,narrow_high,0.3397093701661238,3.0,2.0,0.0,False,0.0,1093.0,2.5460000038146973,2.941999912261963,0.4920001029968261,1.687999963760376
214,104,wide_high,narrow_low,wide_high,wide_high,0.2665685192509089,5.0,4.0,1.0,False,18.0,1111.0,2.171999931335449,2.555000066757202,0.6080000400543213,0.9460000991821288
214,105,wide_high,wide_high,narrow_high,wide_high,0.2355145560012366,5.0,4.0,1.0,False,18.0,1129.0,3.253999948501587,3.5409998893737793,0.3910000324249267,0.6999998092651367
214,106,narrow_high,narrow_high,narrow_low,narrow_high,0.3154737709098689,3.0,2.0,0.0,False,0.0,1129.0,0.5950000286102295,1.0190000534057615,0.4199995994567871,0.8809998035430908
214,107,narrow_high,narrow_high,narrow_low,narrow_high,0.3074036135449549,2.0,1.0,1.0,False,14.0,1143.0,1.2849998474121094,1.8269999027252195,0.4399998188018799,0.8799998760223389
214,108,narrow_high,narrow_high,narrow_low,narrow_high,0.3132748540756024,3.0,2.0,0.0,False,0.0,1143.0,3.071000099182129,3.9050002098083496,0.4509999752044678,1.7869999408721924
222,1,wide_high,narrow_high,wide_high,wide_high,0.1245226782518156,4.0,4.0,1.0,False,18.0,18.0,5.400000095367432,6.867000102996826,5.633000135421753,6.617000102996826
222,2,wide_low,narrow_low,wide_low,wide_low,0.2249269727341383,4.0,4.0,1.0,False,11.0,29.0,2.56000018119812,3.9260001182556152,3.4129998683929443,4.980000019073486
222,3,wide_high,narrow_high,wide_high,wide_high,0.3428352034181594,5.0,5.0,0.0,False,0.0,29.0,2.5169999599456787,3.0339996814727783,1.815999984741211,2.2330000400543213
222,4,wide_low,narrow_low,wide_low,wide_low,0.183230090376723,4.0,3.0,1.0,False,11.0,40.0,1.6159999370574951,2.883000135421753,134.7709999084473,135.58699989318848
222,5,wide_high,narrow_high,wide_high,wide_high,0.2877582323231395,5.0,5.0,1.0,False,18.0,58.0,1.3480000495910645,1.631999969482422,1.2160000801086426,1.5820002555847168
222,6,wide_low,narrow_low,wide_low,wide_low,0.3184948218614019,5.0,5.0,0.0,False,0.0,58.0,1.699000120162964,1.8999998569488523,1.1670000553131104,1.3670001029968262
222,7,wide_high,wide_low,wide_high,wide_high,0.268948829494845,5.0,5.0,1.0,False,18.0,76.0,2.2839996814727783,3.1509997844696045,2.4160001277923584,3.31600022315979
222,8,narrow_high,wide_low,narrow_high,narrow_high,0.2887220276153872,4.0,3.0,1.0,False,14.0,90.0,1.115999698638916,1.3159997463226318,3.450000047683716,3.700000047683716
222,9,wide_high,wide_high,narrow_high,wide_high,0.3549019960300782,5.0,5.0,0.0,False,0.0,90.0,2.2170000076293945,2.499000072479248,1.1160001754760742,1.3330001831054688
222,10,wide_high,wide_low,wide_high,wide_high,0.2471807149057655,2.0,2.0,1.0,False,18.0,108.0,2.065999984741211,3.248999834060669,0.8819999694824219,1.5160000324249268
222,11,narrow_high,wide_low,narrow_high,narrow_high,0.2764199511869995,4.0,3.0,1.0,False,14.0,122.0,0.6670000553131104,0.8500001430511475,1.7840001583099363,1.950000286102295
222,12,wide_high,narrow_high,wide_high,wide_high,0.3408572226577446,4.0,4.0,0.0,False,0.0,122.0,0.8169999122619629,1.7030000686645508,3.033000230789185,3.2170002460479736
222,13,wide_high,narrow_low,wide_high,wide_high,0.2440218439333763,3.0,3.0,1.0,False,18.0,140.0,2.2829999923706055,2.617000102996826,1.316999912261963,1.6329998970031738
222,14,narrow_high,narrow_high,narrow_low,narrow_high,0.2869771601492358,3.0,4.0,1.0,False,14.0,154.0,1.744999885559082,4.444999933242798,1.5,2.1669998168945312
222,15,wide_high,wide_low,wide_high,wide_high,0.1735227813648016,3.0,4.0,1.0,False,18.0,172.0,1.501000165939331,2.7170000076293945,3.4179999828338623,4.234000205993652
222,16,narrow_high,narrow_high,narrow_low,narrow_high,0.3116460109193546,3.0,3.0,0.0,False,0.0,172.0,2.3339998722076416,2.499999761581421,1.43399977684021,1.6339998245239258
222,17,wide_low,narrow_low,wide_low,wide_low,0.1784299395587213,4.0,5.0,1.0,False,11.0,183.0,3.8999996185302734,4.749999761581421,3.700000047683716,4.316999912261963
222,18,wide_low,wide_low,narrow_low,wide_low,0.2168520400558917,4.0,3.0,1.0,False,11.0,194.0,24.650999784469604,25.784000158309937,1.8429999351501465,2.8589999675750732
222,19,narrow_high,narrow_high,wide_low,narrow_high,0.3224199905517014,3.0,2.0,0.0,False,0.0,194.0,0.432999849319458,1.5329999923706057,0.5910000801086426,0.7669999599456787
222,20,wide_high,narrow_high,wide_high,wide_high,0.2491279301989147,4.0,3.0,1.0,False,18.0,212.0,1.815999984741211,1.883000135421753,0.5829999446868896,0.7000000476837158
222,21,wide_high,wide_low,wide_high,wide_high,0.2271521277902254,4.0,3.0,1.0,False,18.0,230.0,2.0500001907348633,2.267000198364258,1.7050001621246338,1.9000000953674316
222,22,wide_high,wide_high,narrow_high,wide_high,0.2421403628016763,5.0,5.0,1.0,False,18.0,248.0,1.1000001430511477,1.433000087738037,1.0169999599456787,1.4499998092651367
222,23,wide_high,narrow_high,wide_high,wide_high,0.2509374691223099,6.0,5.0,1.0,False,18.0,266.0,4.315999984741211,5.299000024795532,0.8010001182556152,1.3670001029968262
222,24,wide_high,narrow_low,wide_high,wide_high,0.2549211733171366,6.0,5.0,1.0,False,18.0,284.0,11.217000007629396,12.566999912261965,1.7669999599456787,1.9000000953674316
222,25,wide_high,wide_high,narrow_high,wide_high,0.3588586356054993,6.0,6.0,0.0,False,0.0,284.0,13.633000135421751,13.933000087738035,0.4670000076293945,0.7170002460479736
222,26,narrow_low,narrow_low,wide_low,narrow_low,0.2203361393888782,4.0,5.0,1.0,False,10.0,294.0,1.5500001907348633,1.9170000553131104,1.0249998569488523,1.2259998321533203
222,27,narrow_low,wide_low,narrow_low,narrow_low,0.2178598219704401,6.0,6.0,1.0,False,10.0,304.0,1.1340000629425049,1.934000015258789,0.3499999046325683,0.623999834060669
222,28,narrow_high,narrow_high,wide_low,narrow_high,0.3183580229250241,3.0,3.0,0.0,False,0.0,304.0,2.4010000228881836,2.9010000228881836,0.7840001583099365,0.9839999675750732
222,29,wide_high,narrow_high,wide_high,wide_high,0.1976768068555522,5.0,4.0,1.0,False,18.0,322.0,0.3010001182556152,0.5830001831054688,1.4170002937316897,1.934000253677368
222,30,wide_high,wide_high,narrow_low,wide_high,0.3631025277664725,6.0,6.0,0.0,False,0.0,322.0,1.450000286102295,1.683000087738037,0.4270000457763672,0.693000078201294
222,31,wide_low,wide_low,narrow_high,wide_low,0.3004605488265805,5.0,4.0,1.0,False,11.0,333.0,1.5829999446868896,2.799000024795532,0.5669999122619629,1.7000000476837158
222,32,wide_low,wide_low,narrow_high,wide_low,0.1948360920833034,5.0,5.0,1.0,False,11.0,344.0,1.2660000324249268,2.2170002460479736,0.5830001831054688,1.31600022315979
222,33,wide_low,wide_low,narrow_high,wide_low,0.1384567895606229,5.0,5.0,1.0,False,11.0,355.0,3.25,4.91700005531311,1.1500000953674316,1.449000120162964
222,34,wide_high,wide_high,narrow_high,wide_high,0.2571220295226921,6.0,6.0,1.0,False,18.0,373.0,1.6999998092651367,2.2170000076293945,1.2160000801086426,1.4660000801086426
222,35,wide_high,narrow_high,wide_high,wide_high,0.3363572006289503,6.0,5.0,0.0,False,0.0,373.0,44.9009997844696,45.716999769210815,0.5499999523162842,0.7669997215270996
222,36,narrow_low,narrow_low,narrow_high,narrow_low,0.2288041483672663,5.0,5.0,1.0,False,10.0,383.0,1.3570003509521484,1.499000072479248,1.2169997692108154,1.3999998569488523
222,37,wide_low,wide_low,narrow_low,wide_low,0.291747781031727,5.0,6.0,1.0,False,11.0,394.0,1.3500001430511477,1.6500000953674316,0.3999998569488525,0.6029999256134033
222,38,narrow_low,narrow_high,narrow_low,narrow_low,0.1867971399614914,5.0,6.0,1.0,False,10.0,404.0,1.3499999046325684,1.7170000076293943,1.0840003490447998,1.3160004615783691
222,39,wide_low,wide_low,narrow_low,wide_low,0.1572278038564492,5.0,6.0,1.0,False,11.0,415.0,3.713000059127808,4.5959999561309814,0.9010000228881836,1.0840001106262207
222,40,wide_high,wide_high,wide_low,wide_high,0.334831817073681,4.0,4.0,0.0,False,0.0,415.0,0.4830000400543213,0.6830000877380371,0.8329999446868896,1.0339996814727783
222,41,wide_high,narrow_high,wide_high,wide_high,0.3568530633435763,4.0,3.0,0.0,False,0.0,415.0,1.1000001430511477,1.758000135421753,0.1660001277923584,0.6150000095367432
222,42,wide_low,narrow_high,wide_low,wide_low,0.1934906548298313,5.0,6.0,1.0,False,11.0,426.0,1.4489998817443848,1.6989998817443848,0.3169999122619629,0.5169999599456787
222,43,wide_high,narrow_high,wide_high,wide_high,0.1932887110457851,4.0,3.0,1.0,False,18.0,444.0,1.4840002059936523,1.684000015258789,0.6319999694824219,0.9819998741149902
222,44,wide_low,narrow_high,wide_low,wide_low,0.1752643845871318,6.0,6.0,1.0,False,11.0,455.0,1.5999999046325684,1.8510000705718992,0.0120000839233398,0.0500001907348632
222,45,wide_low,wide_low,narrow_high,wide_low,0.2331678004239104,6.0,6.0,1.0,False,11.0,466.0,2.883000135421753,3.116999864578247,0.0499999523162841,0.2829997539520263
222,46,wide_high,wide_low,wide_high,wide_high,0.2145485631204728,5.0,5.0,1.0,False,18.0,484.0,1.3320000171661377,1.5989999771118164,1.0829999446868896,2.049999952316284
222,47,wide_low,wide_low,narrow_low,wide_low,0.1972719100021001,6.0,6.0,1.0,False,11.0,495.0,3.9049999713897705,4.0829997062683105,1.249999761581421,1.4499998092651367
222,48,narrow_low,narrow_high,narrow_low,narrow_low,0.2549851591659309,5.0,5.0,1.0,False,10.0,505.0,1.3330001831054688,1.5170001983642578,1.0999999046325684,1.25
222,49,wide_low,narrow_low,wide_low,wide_low,0.2664864077124498,5.0,6.0,1.0,False,11.0,516.0,1.2000000476837158,1.3670001029968262,0.3670001029968261,0.5840001106262207
222,50,wide_high,wide_high,wide_low,wide_high,0.3875229215362329,3.0,3.0,0.0,False,0.0,516.0,0.8830001354217529,1.4330003261566162,2.316999912261963,2.6010000705718994
222,51,wide_high,wide_high,narrow_high,wide_high,0.2684091049865248,4.0,4.0,1.0,False,18.0,534.0,1.500000238418579,1.6579999923706057,2.817000150680542,3.1500000953674316
222,52,wide_high,wide_high,narrow_high,wide_high,0.3239346160358994,5.0,5.0,0.0,False,0.0,534.0,1.7330000400543213,1.949000120162964,0.6670000553131104,0.9169998168945312
222,53,narrow_low,narrow_high,narrow_low,narrow_low,0.2050988101253467,4.0,4.0,1.0,False,10.0,544.0,12.049000263214111,14.033000230789185,1.9670000076293943,2.133999824523926
222,54,narrow_low,narrow_high,narrow_low,narrow_low,0.2586635376058601,6.0,6.0,1.0,False,10.0,554.0,2.3500001430511475,2.566999912261963,0.317000150680542,0.6169998645782471
222,55,wide_low,narrow_high,wide_low,wide_low,0.2641566521373864,5.0,6.0,1.0,False,11.0,565.0,0.8500001430511475,1.1999998092651367,0.2999999523162842,0.3329999446868896
222,56,wide_low,narrow_high,wide_low,wide_low,0.2553202348729989,5.0,6.0,1.0,False,11.0,576.0,1.6329998970031738,2.616999864578247,43.651000022888184,45.53399968147278
222,57,wide_high,wide_high,narrow_low,wide_high,0.2958811832827632,6.0,6.0,1.0,False,18.0,594.0,4.566999912261963,5.549999952316284,1.3329999446868896,1.5329999923706057
222,58,wide_high,wide_low,wide_high,wide_high,0.3531453137422901,5.0,6.0,0.0,False,0.0,594.0,0.8659999370574951,1.4500000476837158,0.6690001487731934,0.9840002059936525
222,59,wide_low,narrow_low,wide_low,wide_low,0.1311641303826766,5.0,6.0,1.0,False,11.0,605.0,2.932000160217285,3.3489999771118164,1.3339998722076416,1.5999999046325684
222,60,wide_high,narrow_low,wide_high,wide_high,0.2727577137627141,6.0,5.0,1.0,False,18.0,623.0,1.4010000228881836,1.5999999046325684,1.183000087738037,1.4670000076293943
222,61,narrow_low,narrow_high,narrow_low,narrow_low,0.2582673061746395,5.0,5.0,1.0,False,10.0,633.0,1.5339999198913574,3.250999927520752,1.5329999923706057,1.738999843597412
222,62,wide_high,wide_high,narrow_low,wide_high,0.2450546704505979,5.0,5.0,1.0,False,18.0,651.0,1.9679999351501465,2.2160000801086426,1.3840000629425049,1.6500000953674316
222,63,wide_low,wide_low,narrow_low,wide_low,0.2702065416025235,5.0,6.0,1.0,False,11.0,662.0,1.249000072479248,2.0830001831054688,26.884000062942505,28.08400011062622
222,64,wide_high,narrow_high,wide_high,wide_high,0.3311307277419293,5.0,6.0,0.0,False,0.0,662.0,1.7170000076293943,2.6670000553131104,1.1340000629425049,1.684000015258789
222,65,wide_low,wide_low,narrow_low,wide_low,0.1457806259425171,5.0,6.0,1.0,False,11.0,673.0,1.5329999923706057,2.384000062942505,1.2160000801086426,1.4000000953674316
222,66,wide_low,wide_low,narrow_low,wide_low,0.2223077540250019,6.0,4.0,1.0,False,11.0,684.0,3.800999879837036,4.6509997844696045,1.0830001831054688,1.3489999771118164
222,67,wide_low,wide_low,narrow_low,wide_low,0.185082900531655,6.0,6.0,1.0,False,11.0,695.0,1.5989999771118164,2.31600022315979,2.767000198364258,3.549999952316284
222,68,wide_high,wide_high,narrow_high,wide_high,0.2931160586723128,5.0,6.0,1.0,False,18.0,713.0,1.9489998817443848,2.5989999771118164,1.450000286102295,1.7840001583099363
222,69,wide_high,wide_high,narrow_high,wide_high,0.3762925393148217,6.0,6.0,0.0,False,0.0,713.0,1.4169998168945312,2.116999864578247,1.3670001029968262,1.9159998893737793
222,70,wide_high,wide_high,narrow_high,wide_high,0.3367417363969453,5.0,6.0,0.0,False,0.0,713.0,2.1009998321533203,2.9839999675750732,1.5839998722076416,3.188000202178955
222,71,wide_high,narrow_high,wide_high,wide_high,0.2919606587037135,5.0,6.0,1.0,False,18.0,731.0,1.3670001029968262,1.5839998722076416,1.1009998321533203,1.325999736785889
222,72,wide_low,narrow_low,wide_low,wide_low,0.1513869111513654,5.0,6.0,1.0,False,11.0,742.0,1.6000001430511477,2.567000150680542,1.5499999523162842,2.4000000953674316
222,73,wide_high,wide_high,wide_low,wide_high,0.3718945989604022,4.0,5.0,0.0,False,0.0,742.0,5.75,6.8329997062683105,0.7330000400543213,0.9830000400543212
222,74,wide_high,wide_low,wide_high,wide_high,0.4015759119438671,4.0,4.0,0.0,False,0.0,742.0,0.6319999694824219,0.8490002155303955,0.2679998874664306,0.4670000076293945
222,75,wide_high,wide_high,narrow_high,wide_high,0.3715624065271338,4.0,4.0,0.0,False,0.0,742.0,2.432999849319458,3.248999834060669,2.748999834060669,3.6659998893737793
222,76,wide_low,wide_low,wide_high,wide_low,0.1558636881196252,6.0,6.0,1.0,False,11.0,753.0,2.634000062942505,3.5169999599456787,0.2320001125335693,0.4659998416900635
222,77,wide_low,wide_low,narrow_high,wide_low,0.25468246504667,6.0,6.0,1.0,False,11.0,764.0,1.7660000324249268,2.0829999446868896,1.1659998893737793,1.4659998416900637
222,78,wide_low,wide_low,narrow_high,wide_low,0.1694220820021996,5.0,5.0,1.0,False,11.0,775.0,4.4670000076293945,5.200000047683716,0.6340000629425049,0.9500000476837158
222,79,wide_high,wide_high,narrow_low,wide_high,0.3005078696388129,6.0,6.0,1.0,False,18.0,793.0,3.866999864578247,6.833999872207642,2.5,2.732999801635742
222,80,wide_low,narrow_low,wide_low,wide_low,0.2945117632496378,5.0,5.0,1.0,False,11.0,804.0,1.1660001277923584,1.4660000801086426,2.433000087738037,2.8989999294281006
222,81,narrow_low,narrow_low,narrow_high,narrow_low,0.2375978223782706,4.0,4.0,1.0,False,10.0,814.0,2.382999897003174,2.9670000076293945,0.6330001354217529,0.8490002155303955
222,82,narrow_low,narrow_high,narrow_low,narrow_low,0.2219900815309477,6.0,6.0,1.0,False,10.0,824.0,41.38600015640259,43.117999792099,0.7999999523162842,1.183000087738037
222,83,narrow_low,wide_high,narrow_low,narrow_low,0.2523301181671163,5.0,6.0,1.0,False,10.0,834.0,1.2829999923706057,1.683000087738037,0.9000000953674316,1.0330002307891846
222,84,narrow_low,narrow_high,narrow_low,narrow_low,0.2139742371888721,6.0,6.0,1.0,False,10.0,844.0,1.0499999523162842,1.3329999446868896,0.2170000076293945,0.3830001354217529
222,85,wide_high,wide_low,wide_high,wide_high,0.377862353307173,4.0,4.0,0.0,False,0.0,844.0,1.8490002155303955,2.866000175476074,0.6840002536773682,1.7170000076293943
222,86,wide_high,narrow_high,wide_high,wide_high,0.276629448276842,4.0,4.0,1.0,False,18.0,862.0,3.500999927520752,3.815999984741211,0.9679999351501464,1.0169999599456787
222,87,wide_high,wide_low,wide_high,wide_high,0.3237002806552525,4.0,3.0,0.0,False,0.0,862.0,0.6830000877380371,2.065999984741211,1.0659997463226318,1.2659997940063477
222,88,wide_high,narrow_high,wide_high,wide_high,0.3294002128928433,3.0,3.0,0.0,False,0.0,862.0,1.8670001029968264,2.0169999599456787,0.2669997215270996,0.5
222,89,narrow_low,narrow_low,narrow_high,narrow_low,0.2245169611103526,6.0,6.0,1.0,False,10.0,872.0,0.7340002059936523,1.5169999599456787,0.4160001277923584,1.0329999923706057
222,90,wide_low,wide_high,wide_low,wide_low,0.3112555335175436,6.0,6.0,0.0,False,0.0,872.0,1.2839999198913574,1.616999864578247,0.4010000228881836,0.6500000953674316
222,91,wide_high,narrow_low,wide_high,wide_high,0.2669672706287135,6.0,6.0,1.0,False,18.0,890.0,1.2999999523162842,1.8499999046325684,0.9000000953674316,1.2170000076293943
222,92,narrow_low,wide_low,narrow_low,narrow_low,0.219128670376513,5.0,6.0,1.0,False,10.0,900.0,2.682999610900879,4.132999897003174,1.316999912261963,1.9160001277923584
222,93,narrow_low,narrow_low,wide_high,narrow_low,0.2127399713169017,5.0,6.0,1.0,False,10.0,910.0,0.9000000953674316,1.1329998970031738,0.2839999198913574,0.4669997692108154
222,94,narrow_low,narrow_high,narrow_low,narrow_low,0.1918413157659052,6.0,5.0,1.0,False,10.0,920.0,1.5159997940063477,2.3489999771118164,1.116000413894653,1.883000135421753
222,95,wide_high,wide_high,narrow_high,wide_high,0.2748395195147341,4.0,3.0,1.0,False,18.0,938.0,0.6830000877380371,0.8990001678466797,0.0110001564025878,0.2339999675750732
222,96,wide_high,wide_high,narrow_high,wide_high,0.3649867342553791,3.0,3.0,0.0,False,0.0,938.0,2.0,2.3329999446868896,0.3829998970031738,0.7499997615814209
222,97,wide_high,narrow_high,wide_high,wide_high,0.3523602635171569,5.0,6.0,0.0,False,0.0,938.0,1.266000270843506,2.2330000400543213,1.0339996814727783,1.249999761581421
222,98,narrow_low,wide_high,narrow_low,narrow_low,0.2084556418409819,6.0,6.0,1.0,False,10.0,948.0,4.583999872207642,5.867000102996826,0.5180001258850098,0.9010000228881836
222,99,narrow_low,narrow_high,narrow_low,narrow_low,0.2434438158189204,6.0,6.0,1.0,False,10.0,958.0,1.6670000553131104,3.4169998168945312,0.4839999675750732,0.7829999923706055
222,100,wide_low,narrow_high,wide_low,wide_low,0.2827479193156262,6.0,6.0,1.0,False,11.0,969.0,1.1670000553131104,1.9670000076293943,0.2999997138977051,0.4999997615814209
222,101,wide_high,narrow_high,wide_high,wide_high,0.3222071587911135,4.0,3.0,0.0,False,0.0,969.0,3.384000062942505,3.8329999446868896,0.3829998970031738,0.5989999771118164
222,102,narrow_low,narrow_high,narrow_low,narrow_low,0.2444142446948924,6.0,5.0,1.0,False,10.0,979.0,1.0330002307891846,1.383000135421753,1.434000015258789,2.1000001430511475
222,103,wide_low,wide_low,narrow_low,wide_low,0.1622404352136111,5.0,5.0,1.0,False,11.0,990.0,1.4010000228881836,1.751000165939331,0.7180001735687256,0.9170000553131104
222,104,wide_high,wide_high,narrow_high,wide_high,0.237590551232034,3.0,3.0,1.0,False,18.0,1008.0,1.7159998416900637,1.8999998569488523,0.5669999122619629,0.8159999847412109
222,105,wide_low,narrow_low,wide_low,wide_low,0.1222694780166003,6.0,6.0,1.0,False,11.0,1019.0,1.4489998817443848,1.9160001277923584,1.067000150680542,1.3329999446868896
222,106,narrow_low,narrow_low,wide_high,narrow_low,0.1930203014101615,6.0,6.0,1.0,False,10.0,1029.0,1.248999834060669,1.6159999370574951,0.0089998245239257,0.1339998245239257
222,107,wide_low,narrow_low,wide_low,wide_low,0.2440565529926809,6.0,5.0,1.0,False,11.0,1040.0,0.7659997940063477,0.9830000400543212,0.1830000877380371,0.4160001277923584
222,108,narrow_low,narrow_low,narrow_high,narrow_low,0.2025903116421949,6.0,6.0,1.0,False,10.0,1050.0,1.0500001907348633,1.266000270843506,0.182999849319458,0.3829998970031738
218,1,narrow_low,narrow_low,wide_high,narrow_low,0.2059607212493713,4.0,4.0,1.0,False,10.0,10.0,2.4000000953674316,3.7160000801086426,2.432999849319458,2.815999984741211
218,2,wide_low,wide_low,narrow_low,wide_low,0.159216231804047,5.0,4.0,1.0,False,11.0,21.0,2.1499998569488525,3.132999897003174,0.6999995708465576,1.1669998168945312
218,3,wide_high,wide_high,wide_low,wide_high,0.2965647457908714,5.0,3.0,1.0,False,18.0,39.0,2.116000175476074,3.3500001430511475,0.6169998645782471,1.5999999046325684
218,4,narrow_high,narrow_high,wide_low,narrow_high,0.2808207853838874,6.0,3.0,1.0,False,14.0,53.0,3.5329997539520264,4.7829999923706055,0.6500003337860107,1.1500003337860107
218,5,wide_low,narrow_low,wide_low,wide_low,0.1931597514734272,4.0,5.0,1.0,False,11.0,64.0,1.6159999370574951,2.683000087738037,0.7999999523162842,1.1499998569488523
218,6,wide_low,narrow_low,wide_low,wide_low,0.1380791929855174,5.0,4.0,1.0,False,11.0,75.0,2.384000062942505,3.317000150680542,0.4659998416900635,1.0659997463226318
218,7,wide_high,narrow_high,wide_high,wide_high,0.2945455691104344,5.0,3.0,1.0,False,18.0,93.0,0.9500000476837158,1.7000000476837158,0.7159996032714844,1.299999713897705
218,8,narrow_high,narrow_low,narrow_high,narrow_high,0.312240789548095,6.0,4.0,0.0,False,0.0,93.0,1.383000135421753,1.8670001029968264,1.266000270843506,2.033000230789185
218,9,wide_high,narrow_high,wide_high,wide_high,0.3120433812021697,6.0,3.0,0.0,False,0.0,93.0,2.883000135421753,3.4830002784729004,1.0,1.6159999370574951
218,10,wide_high,wide_high,wide_low,wide_high,0.3875926803085195,4.0,4.0,0.0,False,0.0,93.0,1.0829999446868896,1.9159998893737793,0.6669998168945312,0.9830000400543212
218,11,wide_high,wide_high,wide_low,wide_high,0.2481893768589521,5.0,3.0,1.0,False,18.0,111.0,1.1170001029968262,1.5840001106262207,0.6160001754760742,1.0829999446868896
218,12,narrow_high,wide_low,narrow_high,narrow_high,0.2876946771552405,4.0,3.0,1.0,False,14.0,125.0,1.932999849319458,3.0,0.3340001106262207,0.8339998722076416
218,13,narrow_high,narrow_low,narrow_high,narrow_high,0.3192968445498078,5.0,4.0,0.0,False,0.0,125.0,0.7659997940063477,1.316999912261963,0.3329999446868896,1.115999698638916
218,14,narrow_high,narrow_low,narrow_high,narrow_high,0.3280795543360669,4.0,4.0,0.0,False,0.0,125.0,8.666000127792358,9.382000207901,0.31600022315979,0.7330002784729004
218,15,wide_high,wide_high,wide_low,wide_high,0.2537245558605445,6.0,4.0,1.0,False,18.0,143.0,0.6169998645782471,1.2000000476837158,0.4169998168945312,0.932999849319458
218,16,wide_high,narrow_low,wide_high,wide_high,0.3278809953061852,6.0,4.0,0.0,False,0.0,143.0,0.6840000152587891,1.1340000629425049,0.5830001831054688,0.9500002861022948
218,17,wide_high,wide_high,narrow_low,wide_high,0.3033778661531246,5.0,4.0,1.0,False,18.0,161.0,7.732999801635742,8.132999897003174,1.6659998893737793,2.183000087738037
218,18,narrow_high,narrow_high,narrow_low,narrow_high,0.2956583013072913,4.0,3.0,1.0,False,14.0,175.0,1.6489999294281006,2.0,0.567000150680542,1.0340001583099363
218,19,wide_low,narrow_low,wide_low,wide_low,0.1463785901034435,4.0,3.0,1.0,False,11.0,186.0,1.2000000476837158,1.7669997215270996,0.7500002384185791,1.0830001831054688
218,20,narrow_high,narrow_high,narrow_low,narrow_high,0.2595017448690382,4.0,3.0,1.0,False,14.0,200.0,1.9499998092651367,2.632999897003174,0.3340001106262207,0.7170002460479736
218,21,wide_high,wide_high,wide_low,wide_high,0.3081957316207822,6.0,4.0,0.0,False,0.0,200.0,0.7659997940063477,1.2160000801086426,0.5830001831054688,1.0830001831054688
218,22,wide_high,narrow_low,wide_high,wide_high,0.3999514389144064,4.0,3.0,0.0,False,0.0,200.0,1.2000000476837158,1.8660001754760744,0.3839998245239258,0.8670001029968262
218,23,wide_high,wide_high,narrow_high,wide_high,0.2402792289345624,4.0,3.0,1.0,False,18.0,218.0,1.499000072479248,1.949000120162964,0.3489999771118164,0.7319998741149902
218,24,narrow_high,narrow_high,wide_low,narrow_high,0.2979947794292474,5.0,4.0,1.0,False,14.0,232.0,1.315999984741211,1.683000087738037,0.3829998970031738,0.7659997940063477
218,25,wide_high,narrow_low,wide_high,wide_high,0.1162367204343441,5.0,3.0,1.0,False,18.0,250.0,1.7840001583099363,2.4670002460479736,0.6159999370574951,1.0330002307891846
218,26,wide_high,wide_high,wide_low,wide_high,0.314506705452685,6.0,3.0,0.0,False,0.0,250.0,1.3500001430511477,2.017000198364258,0.4500002861022949,1.0
218,27,wide_high,narrow_high,wide_high,wide_high,0.313620527018577,5.0,3.0,0.0,False,0.0,250.0,1.4830000400543213,2.1659998893737793,0.5160000324249268,1.06600022315979
218,28,wide_high,wide_low,wide_high,wide_high,0.3047907860104355,5.0,3.0,1.0,False,18.0,268.0,1.2660000324249268,1.7000000476837158,0.3159999847412109,0.7829997539520264
218,29,wide_high,wide_high,wide_low,wide_high,0.2869933517727145,5.0,3.0,1.0,False,18.0,286.0,1.3660001754760742,2.2159998416900635,0.5329999923706055,0.9169998168945312
218,30,narrow_high,narrow_high,narrow_low,narrow_high,0.2952010672211026,4.0,4.0,1.0,False,14.0,300.0,1.5829999446868896,2.4000000953674316,0.5340001583099365,0.9010002613067628
218,31,narrow_high,wide_low,narrow_high,narrow_high,0.3112903704441372,4.0,4.0,0.0,False,0.0,300.0,0.2999999523162842,0.75,0.3169999122619629,0.6340000629425049
218,32,wide_low,wide_low,narrow_low,wide_low,0.1383567985298579,4.0,4.0,1.0,False,11.0,311.0,1.4660000801086426,2.31600022315979,0.5169999599456787,0.8669998645782471
218,33,wide_high,wide_high,wide_low,wide_high,0.2867217203053648,6.0,3.0,1.0,False,18.0,329.0,1.1489999294281006,1.6999998092651367,0.6159999370574951,1.1159999370574951
218,34,wide_high,wide_low,wide_high,wide_high,0.3200326985021869,6.0,3.0,0.0,False,0.0,329.0,2.0329999923706055,2.433000087738037,0.6499998569488525,0.9499998092651368
218,35,wide_high,wide_low,wide_high,wide_high,0.2392718264966943,5.0,3.0,1.0,False,18.0,347.0,1.182999849319458,1.5999999046325684,0.6000001430511475,0.9160001277923584
218,36,wide_high,wide_low,wide_high,wide_high,0.2417752469950586,5.0,2.0,1.0,False,18.0,365.0,1.7330002784729004,2.2829999923706055,0.3500001430511474,0.7170000076293945
218,37,narrow_high,narrow_low,narrow_high,narrow_high,0.3066474943924056,5.0,4.0,1.0,False,14.0,379.0,1.5999999046325684,1.932999849319458,0.7329998016357422,1.2829997539520264
218,38,wide_low,narrow_low,wide_low,wide_low,0.1594123280123696,4.0,4.0,1.0,False,11.0,390.0,0.8830001354217529,1.433000087738037,0.4669997692108154,0.7999999523162842
218,39,narrow_high,narrow_low,narrow_high,narrow_high,0.31240084469049,4.0,4.0,0.0,False,0.0,390.0,1.1659998893737793,1.6499998569488523,0.9499998092651368,1.3329999446868896
218,40,wide_high,wide_high,wide_low,wide_high,0.2957988250918561,6.0,3.0,1.0,False,18.0,408.0,1.4159998893737793,1.9159998893737793,1.0,1.3829998970031738
218,41,wide_high,wide_high,narrow_low,wide_high,0.3308167406468316,6.0,2.0,0.0,False,0.0,408.0,1.0169999599456787,1.432999849319458,1.3499996662139893,1.883999586105347
218,42,narrow_high,wide_low,narrow_high,narrow_high,0.2927353166332845,5.0,4.0,1.0,False,14.0,422.0,0.6659998893737793,1.0490000247955322,0.3669996261596679,0.6339998245239258
218,43,wide_high,wide_low,wide_high,wide_high,0.296832804456278,5.0,2.0,1.0,False,18.0,440.0,0.6160001754760742,0.9170000553131104,1.2989997863769531,1.6159999370574951
218,44,narrow_high,narrow_low,narrow_high,narrow_high,0.3017393726899243,5.0,4.0,1.0,False,14.0,454.0,1.6490001678466797,1.9830000400543213,1.750000238418579,2.1000003814697266
218,45,wide_high,wide_high,narrow_high,wide_high,0.3046889150543844,5.0,3.0,1.0,False,18.0,472.0,0.4170002937316894,0.7999999523162842,2.0160000324249268,2.366999626159668
218,46,narrow_high,narrow_low,narrow_high,narrow_high,0.3031503348542889,5.0,4.0,1.0,False,14.0,486.0,1.5160000324249268,2.316999912261963,0.4659998416900635,1.0
218,47,wide_high,wide_high,narrow_low,wide_high,0.2196780876181774,5.0,3.0,1.0,False,18.0,504.0,0.5,0.7829999923706055,0.5339999198913574,0.9169998168945312
218,48,wide_low,wide_low,narrow_low,wide_low,0.330898028157187,4.0,4.0,0.0,False,0.0,504.0,1.7660000324249268,2.132999897003174,0.4159998893737793,0.7999999523162842
218,49,narrow_high,narrow_high,narrow_low,narrow_high,0.3202482546206788,4.0,4.0,0.0,False,0.0,504.0,0.7170000076293945,1.2000000476837158,0.3499999046325683,0.6670002937316895
218,50,wide_high,wide_high,narrow_high,wide_high,0.3627914430033648,4.0,3.0,0.0,False,0.0,504.0,0.6329998970031738,1.1659998893737793,0.3159999847412109,0.6499998569488525
218,51,narrow_high,narrow_low,narrow_high,narrow_high,0.2976212548447223,5.0,4.0,1.0,False,14.0,518.0,1.5329997539520264,2.033000230789185,0.6660001277923584,1.6159999370574951
218,52,narrow_high,narrow_high,wide_low,narrow_high,0.2811009151712484,4.0,4.0,1.0,False,14.0,532.0,0.8829998970031738,1.5659997463226318,0.2990000247955322,0.5659999847412109
218,53,wide_high,wide_high,narrow_high,wide_high,0.2986964297864939,5.0,3.0,1.0,False,18.0,550.0,0.8159999847412109,1.133000135421753,0.3990001678466797,0.7830002307891846
218,54,wide_high,narrow_low,wide_high,wide_high,0.2492351890659273,4.0,3.0,1.0,False,18.0,568.0,1.0160000324249268,1.4830000400543213,0.3169999122619629,0.6170003414154053
218,55,wide_low,wide_low,narrow_low,wide_low,0.2681102397446529,5.0,4.0,1.0,False,11.0,579.0,1.5,2.116999864578247,0.2840001583099365,0.6340000629425049
218,56,narrow_high,narrow_low,narrow_high,narrow_high,0.2973558669780123,4.0,4.0,1.0,False,14.0,593.0,1.2340002059936523,2.4000000953674316,0.3499999046325683,0.75
218,57,wide_low,wide_low,narrow_low,wide_low,0.2935206513879293,4.0,4.0,1.0,False,11.0,604.0,1.183000087738037,1.6159999370574951,0.3670001029968261,0.7000000476837158
218,58,narrow_high,narrow_high,wide_low,narrow_high,0.3048852890113841,4.0,4.0,1.0,False,14.0,618.0,2.0169999599456787,2.3499999046325684,0.5339999198913574,0.8339998722076416
218,59,wide_high,wide_low,wide_high,wide_high,0.3598973829768194,5.0,3.0,0.0,False,0.0,618.0,0.6000001430511475,0.932999849319458,0.3670001029968261,0.6840000152587891
218,60,wide_high,wide_high,wide_low,wide_high,0.2659276318209118,4.0,3.0,1.0,False,18.0,636.0,1.0999996662139893,1.7330000400543213,1.383000135421753,1.933000326156616
218,61,wide_low,wide_low,narrow_low,wide_low,0.1378040078346944,5.0,4.0,1.0,False,11.0,647.0,1.1999998092651367,2.450000047683716,0.5340001583099365,0.8170003890991211
218,62,wide_high,wide_low,wide_high,wide_high,0.2533068432075211,4.0,3.0,1.0,False,18.0,665.0,1.250000238418579,1.950000286102295,2.115999937057495,2.749000310897827
218,63,narrow_high,wide_low,narrow_high,narrow_high,0.3078497869574649,4.0,4.0,1.0,False,14.0,679.0,2.5999999046325684,2.749999761581421,0.3829998970031738,0.75
218,64,wide_high,wide_high,narrow_low,wide_high,0.2497956811237563,5.0,3.0,1.0,False,18.0,697.0,1.7000000476837158,2.5,0.6670000553131104,1.0500001907348633
218,65,narrow_high,narrow_low,narrow_high,narrow_high,0.3257432170851532,5.0,4.0,0.0,False,0.0,697.0,0.5329999923706055,0.8499999046325684,0.4170000553131103,0.6830000877380371
218,66,wide_high,wide_high,narrow_high,wide_high,0.2727903119339396,5.0,3.0,1.0,False,18.0,715.0,0.5319998264312744,0.8999998569488525,0.2999999523162842,0.5839998722076416
218,67,wide_low,wide_low,narrow_low,wide_low,0.2887665912752831,5.0,5.0,1.0,False,11.0,726.0,0.3840000629425049,0.6840000152587891,0.3489999771118164,0.5659999847412109
218,68,wide_low,wide_low,narrow_low,wide_low,0.1409664907584176,5.0,5.0,1.0,False,11.0,737.0,0.5499999523162842,0.8659999370574951,0.3829998970031738,0.6329998970031738
218,69,wide_high,narrow_high,wide_high,wide_high,0.2573663769908759,4.0,2.0,1.0,False,18.0,755.0,0.8829998970031738,1.317000150680542,1.4830000400543213,2.0500001907348633
218,70,wide_high,wide_high,narrow_high,wide_high,0.4360741592200383,5.0,4.0,0.0,False,0.0,755.0,1.2000000476837158,1.499999761581421,0.3840000629425049,0.7000000476837158
218,71,wide_high,wide_high,narrow_low,wide_high,0.3144428819249922,5.0,3.0,0.0,False,0.0,755.0,0.6159999370574951,1.0829997062683103,0.432999849319458,0.7170000076293945
218,72,narrow_high,wide_low,narrow_high,narrow_high,0.3075656376349041,4.0,4.0,1.0,False,14.0,769.0,1.4159998893737793,1.6659998893737793,0.3840000629425049,0.6680002212524414
218,73,wide_high,wide_low,wide_high,wide_high,0.3312528467221149,5.0,3.0,0.0,False,0.0,769.0,1.950000047683716,2.632999897003174,0.0990002155303955,0.6990001201629639
218,74,narrow_high,wide_low,narrow_high,narrow_high,0.29411064616868,4.0,4.0,1.0,False,14.0,783.0,0.5,1.5,0.3159999847412109,0.7000000476837158
218,75,wide_high,wide_high,narrow_low,wide_high,0.3447336086203242,5.0,3.0,0.0,False,0.0,783.0,0.7160000801086426,1.2659997940063477,0.567000150680542,1.5830001831054688
218,76,narrow_high,narrow_high,wide_low,narrow_high,0.3071811496091881,5.0,4.0,1.0,False,14.0,797.0,0.5339999198913574,1.1339998245239258,0.2999999523162842,0.6329998970031738
218,77,wide_low,wide_low,narrow_low,wide_low,0.1756485746744825,5.0,4.0,1.0,False,11.0,808.0,0.8999998569488525,1.748999834060669,0.0180001258850097,1.0829999446868896
218,78,narrow_high,narrow_low,narrow_high,narrow_high,0.2804892961798972,5.0,4.0,1.0,False,14.0,822.0,0.56600022315979,0.932999849319458,0.3500001430511474,0.6499998569488525
218,79,narrow_high,narrow_high,narrow_low,narrow_high,0.3072490141924118,4.0,4.0,1.0,False,14.0,836.0,0.750999927520752,1.25,2.4499998092651367,2.5999999046325684
218,80,narrow_high,narrow_low,narrow_high,narrow_high,0.3197696043067324,4.0,4.0,0.0,False,0.0,836.0,0.5,0.8830001354217529,0.3159999847412109,0.7330000400543213
218,81,wide_low,narrow_low,wide_low,wide_low,0.2950994749956658,5.0,4.0,1.0,False,11.0,847.0,0.6500000953674316,0.9830000400543212,0.2159998416900634,0.5499997138977051
218,82,wide_high,wide_high,narrow_high,wide_high,0.2917817047570497,5.0,2.0,1.0,False,18.0,865.0,0.6830000877380371,1.4500000476837158,0.6840000152587891,1.066999912261963
218,83,wide_high,wide_high,narrow_low,wide_high,0.3766593716469461,5.0,3.0,0.0,False,0.0,865.0,0.3989999294281006,0.7499997615814209,1.0,1.4159998893737793
218,84,narrow_high,wide_low,narrow_high,narrow_high,0.3147488005489942,4.0,4.0,0.0,False,0.0,865.0,1.1329998970031738,1.5169999599456787,0.5500001907348633,1.8500001430511477
218,85,narrow_high,narrow_high,wide_low,narrow_high,0.2895030770625666,4.0,4.0,1.0,False,14.0,879.0,0.4659998416900635,0.8159999847412109,0.3340003490447998,0.633000373840332
218,86,wide_low,narrow_low,wide_low,wide_low,0.2475010263790746,5.0,5.0,1.0,False,11.0,890.0,0.9660000801086426,1.3330001831054688,0.4340002536773681,2.033000230789185
218,87,wide_low,wide_low,narrow_low,wide_low,0.1321025360136502,5.0,4.0,1.0,False,11.0,901.0,1.450000286102295,1.8500001430511477,0.2829999923706054,0.5999999046325684
218,88,wide_high,narrow_high,wide_high,wide_high,0.2352305598574588,5.0,3.0,1.0,False,18.0,919.0,0.8830001354217529,1.2170002460479736,0.3159999847412109,0.6500003337860107
218,89,wide_high,narrow_high,wide_high,wide_high,0.2245793973304913,5.0,3.0,1.0,False,18.0,937.0,0.5169999599456787,0.8339998722076416,0.1989998817443847,0.5329999923706055
218,90,narrow_high,narrow_high,narrow_low,narrow_high,0.2774448962753448,5.0,4.0,1.0,False,14.0,951.0,0.7330002784729004,1.06600022315979,0.3670001029968261,0.9500002861022948
218,91,narrow_high,narrow_high,wide_low,narrow_high,0.3194269527283893,4.0,4.0,0.0,False,0.0,951.0,1.75,2.115999937057495,0.317000150680542,0.6330001354217529
218,92,wide_high,wide_high,narrow_high,wide_high,0.2848382880137263,5.0,4.0,1.0,False,18.0,969.0,0.8169999122619629,1.2660000324249268,0.6659998893737793,1.1329998970031738
218,93,wide_high,narrow_low,wide_high,wide_high,0.2700546181961958,5.0,4.0,1.0,False,18.0,987.0,0.7999999523162842,1.2999999523162842,0.3830001354217529,0.7829999923706055
218,94,wide_high,narrow_low,wide_high,wide_high,0.3812289840236886,5.0,3.0,0.0,False,0.0,987.0,0.3500001430511474,0.6340000629425049,0.1340000629425048,0.5829999446868896
218,95,wide_low,wide_low,narrow_low,wide_low,0.2898648099904643,4.0,4.0,1.0,False,11.0,998.0,1.25,1.8659999370574951,0.3989999294281006,0.682999849319458
218,96,narrow_high,narrow_low,narrow_high,narrow_high,0.3260862201905842,4.0,3.0,0.0,False,0.0,998.0,1.0840001106262207,1.4500000476837158,1.1159999370574951,1.5160000324249268
218,97,narrow_high,narrow_high,narrow_low,narrow_high,0.3454002702836508,4.0,4.0,0.0,False,0.0,998.0,1.1659998893737793,1.7990000247955322,2.4830000400543213,2.8500001430511475
218,98,narrow_high,wide_low,narrow_high,narrow_high,0.294861934546259,5.0,4.0,1.0,False,14.0,1012.0,0.8329999446868896,1.2330000400543213,0.9500000476837158,1.2829999923706057
218,99,wide_high,narrow_high,wide_high,wide_high,0.3273644922935007,5.0,3.0,0.0,False,0.0,1012.0,1.366999864578247,1.75,0.3330001831054687,0.6170001029968262
218,100,wide_high,narrow_high,wide_high,wide_high,0.3147296965611897,5.0,3.0,0.0,False,0.0,1012.0,0.31600022315979,0.5499999523162842,0.7999999523162842,1.0839998722076416
218,101,narrow_high,wide_low,narrow_high,narrow_high,0.2757277443189294,5.0,4.0,1.0,False,14.0,1026.0,1.8330001831054688,2.183000087738037,0.3500001430511474,0.7170002460479736
218,102,narrow_high,narrow_high,wide_low,narrow_high,0.2627340477758712,4.0,4.0,1.0,False,14.0,1040.0,1.3659999370574951,1.5499999523162842,0.3829998970031738,0.6500000953674316
218,103,narrow_high,narrow_low,narrow_high,narrow_high,0.3258862748045857,4.0,4.0,0.0,False,0.0,1040.0,0.9499998092651368,1.616999864578247,0.3489997386932373,0.6829996109008789
218,104,wide_low,wide_low,narrow_low,wide_low,0.1943399088106594,5.0,4.0,1.0,False,11.0,1051.0,0.5,0.8499999046325684,0.3169999122619629,0.8159999847412109
218,105,wide_high,wide_high,narrow_high,wide_high,0.3084554650222255,5.0,3.0,0.0,False,0.0,1051.0,1.2660000324249268,1.616999864578247,0.2329998016357422,0.5499999523162842
218,106,wide_high,wide_low,wide_high,wide_high,0.3062146584056813,5.0,3.0,1.0,False,18.0,1069.0,0.6000001430511475,0.8670001029968262,0.5999999046325684,0.9660000801086426
218,107,narrow_high,wide_low,narrow_high,narrow_high,0.2675485567141643,5.0,4.0,0.0,False,0.0,1069.0,1.06600022315979,1.5330002307891846,0.3669996261596679,0.6670000553131104
218,108,wide_high,narrow_high,wide_high,wide_high,0.2795339884848643,4.0,3.0,1.0,False,18.0,1087.0,0.8659999370574951,1.2000000476837158,0.2000000476837158,0.4820001125335693
208,1,narrow_low,wide_high,narrow_low,narrow_low,0.241841276956268,5.0,4.0,1.0,False,10.0,10.0,5.514000177383423,7.878999948501587,5.980999946594238,7.079999923706055
208,2,narrow_high,narrow_high,narrow_low,narrow_high,0.3358598061160552,4.0,4.0,0.0,False,0.0,10.0,4.647000074386597,5.7799999713897705,5.46399998664856,6.430000066757202
208,3,wide_low,narrow_high,wide_low,wide_low,0.2323654413497627,5.0,4.0,1.0,False,11.0,21.0,4.5299999713897705,5.713000059127808,2.13200044631958,2.8980002403259277
208,4,narrow_low,narrow_low,narrow_high,narrow_low,0.2258639482183413,6.0,4.0,1.0,False,10.0,31.0,2.2809998989105225,2.997000217437744,2.499000072479248,3.247999906539917
208,5,wide_low,narrow_high,wide_low,wide_low,0.1707619154645193,6.0,4.0,1.0,False,11.0,42.0,1.430999994277954,2.180999994277954,1.4659998416900637,2.31499981880188
208,6,narrow_low,wide_low,narrow_low,narrow_low,0.2360090755855572,6.0,5.0,1.0,False,10.0,52.0,1.430999994277954,2.197999954223633,1.420000076293945,2.2860000133514404
208,7,narrow_low,narrow_high,narrow_low,narrow_low,0.2214474794724325,6.0,4.0,1.0,False,10.0,62.0,1.0999999046325684,1.9639999866485596,1.6989998817443848,2.8480000495910645
208,8,wide_low,wide_low,narrow_high,wide_low,0.2809038884026076,5.0,4.0,1.0,False,11.0,73.0,1.315999984741211,2.065000057220459,1.3500001430511477,3.697999954223633
208,9,wide_low,narrow_high,wide_low,wide_low,0.3108277005550193,5.0,6.0,0.0,False,0.0,73.0,3.21500015258789,3.88100004196167,5.797999858856201,6.414000034332275
208,10,narrow_high,narrow_high,wide_high,narrow_high,0.300463477930544,6.0,3.0,1.0,False,14.0,87.0,1.2820003032684326,1.9150002002716064,1.266000270843506,1.999000072479248
208,11,narrow_high,wide_high,narrow_high,narrow_high,0.2616067640333439,6.0,3.0,1.0,False,14.0,101.0,1.1480000019073486,1.698000192642212,3.9819998741149902,4.797999858856201
208,12,narrow_low,narrow_low,narrow_high,narrow_low,0.2371618149015039,6.0,5.0,1.0,False,10.0,111.0,0.6480000019073486,1.4140000343322754,0.882000207901001,1.565000057220459
208,13,narrow_low,narrow_low,narrow_high,narrow_low,0.2405383449211987,5.0,4.0,1.0,False,10.0,121.0,1.1989998817443848,1.9189999103546145,0.8510000705718994,1.5830001831054688
208,14,narrow_low,narrow_low,wide_high,narrow_low,0.1760906840098827,6.0,4.0,1.0,False,10.0,131.0,1.1489999294281006,1.815000057220459,1.8829998970031736,2.5820000171661377
208,15,narrow_low,narrow_low,wide_low,narrow_low,0.2305040716367078,6.0,5.0,1.0,False,10.0,141.0,1.0989999771118164,1.7320001125335691,0.9830000400543212,1.5490000247955322
208,16,narrow_low,narrow_low,wide_low,narrow_low,0.2306117444742036,6.0,4.0,1.0,False,10.0,151.0,1.2980003356933594,2.1640002727508545,1.8320000171661377,2.56499981880188
208,17,wide_low,wide_low,wide_high,wide_low,0.2068086087079963,6.0,3.0,1.0,False,11.0,162.0,2.914999723434448,3.63100004196167,1.1490001678466797,1.9650001525878904
208,18,wide_low,wide_low,wide_high,wide_low,0.2551872676793248,6.0,3.0,1.0,False,11.0,173.0,1.1820001602172852,2.065000295639038,3.0160000324249268,4.3480000495910645
208,19,narrow_low,wide_low,narrow_low,narrow_low,0.2457444102796461,5.0,4.0,1.0,False,10.0,183.0,0.5490000247955322,1.1649999618530271,1.248999834060669,1.8489999771118164
208,20,wide_low,narrow_high,wide_low,wide_low,0.1636286496762457,4.0,4.0,1.0,False,11.0,194.0,1.183000087738037,1.815000057220459,0.9170000553131104,1.6489999294281006
208,21,narrow_high,narrow_high,wide_high,narrow_high,0.2978714162469336,5.0,3.0,1.0,False,14.0,208.0,1.3819997310638428,1.9819998741149905,0.7999999523162842,1.499000072479248
208,22,narrow_low,narrow_low,narrow_high,narrow_low,0.2271040077636872,4.0,4.0,1.0,False,10.0,218.0,3.2649998664855957,3.996999740600586,3.431999921798706,4.31499981880188
208,23,wide_low,wide_low,narrow_high,wide_low,0.2242109038173229,5.0,4.0,1.0,False,11.0,229.0,1.1500000953674316,1.8490002155303955,1.5820000171661377,2.265000104904175
208,24,wide_low,wide_high,wide_low,wide_low,0.2382302919586362,6.0,3.0,1.0,False,11.0,240.0,0.5489997863769531,1.247999906539917,0.8829998970031738,1.516000270843506
208,25,narrow_low,narrow_low,wide_low,narrow_low,0.2152547132202813,6.0,4.0,1.0,False,10.0,250.0,1.065999984741211,1.815000057220459,1.999000072479248,2.697999954223633
208,26,wide_low,wide_low,wide_high,wide_low,0.1897207111081435,6.0,5.0,1.0,False,11.0,261.0,1.249000072479248,1.7649998664855957,3.06499981880188,3.56499981880188
208,27,narrow_low,wide_low,narrow_low,narrow_low,0.185626508813986,6.0,5.0,1.0,False,10.0,271.0,1.3660001754760742,1.9489998817443848,0.7159998416900635,1.3320000171661377
208,28,wide_low,narrow_high,wide_low,wide_low,0.2546718282067456,5.0,3.0,1.0,False,11.0,282.0,1.3320002555847168,2.0310001373291016,2.998000144958496,3.631000280380249
208,29,wide_low,wide_low,narrow_high,wide_low,0.2630774607609796,5.0,4.0,1.0,False,11.0,293.0,1.8990001678466797,2.5480000972747803,1.5489997863769531,2.1979997158050537
208,30,wide_low,wide_low,narrow_high,wide_low,0.1685040138587104,4.0,4.0,1.0,False,11.0,304.0,2.865000009536743,3.515000104904175,3.082000255584717,3.7140002250671382
208,31,narrow_high,wide_low,narrow_high,narrow_high,0.2951445327104161,4.0,4.0,1.0,False,14.0,318.0,1.5150001049041748,2.114000082015991,0.7989997863769531,1.6979997158050537
208,32,narrow_high,wide_low,narrow_high,narrow_high,0.2908081098901016,4.0,3.0,1.0,False,14.0,332.0,3.1989998817443848,3.847999811172486,1.565999984741211,2.115000009536743
208,33,wide_low,wide_low,wide_high,wide_low,0.249107145926455,6.0,4.0,1.0,False,11.0,343.0,0.6989998817443848,1.2979998588562012,1.316999912261963,1.865999698638916
208,34,narrow_low,wide_low,narrow_low,narrow_low,0.2232864752259836,6.0,5.0,1.0,False,10.0,353.0,0.8159999847412109,1.3479995727539062,0.3490002155303955,0.931999921798706
208,35,wide_low,wide_low,wide_high,wide_low,0.2306687809853957,6.0,3.0,1.0,False,11.0,364.0,1.1159999370574951,1.6150000095367432,0.6830000877380371,1.132000207901001
208,36,wide_low,wide_high,wide_low,wide_low,0.1931788641335366,6.0,4.0,1.0,False,11.0,375.0,2.565000295639038,2.7980003356933594,0.8330001831054688,1.303999900817871
208,37,narrow_high,narrow_high,wide_low,narrow_high,0.2625882849968629,4.0,4.0,1.0,False,14.0,389.0,1.2159998416900637,1.815000057220459,0.6000001430511475,1.182999849319458
208,38,narrow_high,narrow_high,wide_low,narrow_high,0.3236302700822376,4.0,3.0,0.0,False,0.0,389.0,1.7650001049041748,2.447999954223633,1.2159998416900637,1.7659997940063477
208,39,narrow_high,wide_high,narrow_high,narrow_high,0.3027806203034131,6.0,3.0,1.0,False,14.0,403.0,1.0329999923706057,1.5989999771118164,0.5499997138977051,1.315999984741211
208,40,wide_high,wide_high,narrow_low,wide_high,0.3203555173212823,4.0,2.0,0.0,False,0.0,403.0,1.5329999923706057,2.265000104904175,2.815000057220459,3.497999906539917
208,41,wide_low,wide_high,wide_low,wide_low,0.1872523746743656,5.0,5.0,1.0,False,11.0,414.0,3.69700026512146,4.246999979019165,0.6330001354217529,1.199000120162964
208,42,narrow_high,narrow_high,wide_high,narrow_high,0.2782148422579463,6.0,4.0,1.0,False,14.0,428.0,0.6490001678466797,1.2150001525878906,0.5,1.1489999294281006
208,43,wide_low,wide_low,narrow_high,wide_low,0.3061178798282495,6.0,4.0,0.0,False,0.0,428.0,1.2820000648498535,1.9149999618530271,0.4170000553131103,1.0820000171661377
208,44,wide_low,wide_low,wide_high,wide_low,0.2125975019674566,5.0,3.0,1.0,False,11.0,439.0,1.4320001602172852,2.0980000495910645,1.2000000476837158,1.881999969482422
208,45,wide_low,wide_low,wide_high,wide_low,0.2119383069786053,6.0,4.0,1.0,False,11.0,450.0,0.6660001277923584,1.381999969482422,1.249000072479248,1.9649999141693115
208,46,narrow_low,wide_high,narrow_low,narrow_low,0.2132641848916277,6.0,5.0,1.0,False,10.0,460.0,0.5659999847412109,1.497999668121338,1.5329999923706057,1.9149999618530271
208,47,narrow_high,narrow_high,wide_high,narrow_high,0.2797796662341854,6.0,3.0,1.0,False,14.0,474.0,0.4820001125335693,0.998000144958496,1.2149999141693115,1.7319998741149902
208,48,narrow_low,narrow_low,narrow_high,narrow_low,0.2242382101953259,6.0,4.0,1.0,False,10.0,484.0,0.4159998893737793,1.0819997787475586,0.8830001354217529,1.4819998741149902
208,49,wide_low,wide_high,wide_low,wide_low,0.2426181685566505,6.0,5.0,1.0,False,11.0,495.0,1.432999849319458,2.0480000972747803,0.7819998264312744,1.181999921798706
208,50,narrow_low,narrow_low,narrow_high,narrow_low,0.2656077979617808,6.0,5.0,1.0,False,10.0,505.0,1.748999834060669,2.364999771118164,0.4830000400543213,1.1490001678466797
208,51,narrow_low,wide_high,narrow_low,narrow_low,0.2361538470085448,6.0,5.0,1.0,False,10.0,515.0,0.4160001277923584,1.0320000648498535,0.8329999446868896,1.3329999446868896
208,52,narrow_high,narrow_high,wide_high,narrow_high,0.3143754601313627,6.0,3.0,0.0,False,0.0,515.0,2.2309999465942383,2.863999843597412,2.048999786376953,2.614999771118164
208,53,narrow_low,narrow_high,narrow_low,narrow_low,0.2403101966941529,6.0,5.0,1.0,False,10.0,525.0,0.6659998893737793,1.2819998264312744,1.5489997863769531,2.1649999618530273
208,54,narrow_low,wide_low,narrow_low,narrow_low,0.2295211049091548,6.0,5.0,1.0,False,10.0,535.0,0.3669996261596679,0.931999921798706,0.6660001277923584,1.2160000801086426
208,55,narrow_high,wide_high,narrow_high,narrow_high,0.3197859863782152,6.0,3.0,0.0,False,0.0,535.0,0.499000072479248,1.0820000171661377,1.1500000953674316,1.8320000171661377
208,56,narrow_low,narrow_high,narrow_low,narrow_low,0.2000839001749027,5.0,5.0,1.0,False,10.0,545.0,1.382000207901001,1.9809999465942385,0.1159999370574951,0.8819999694824219
208,57,narrow_low,narrow_low,narrow_high,narrow_low,0.1876330751870161,6.0,5.0,1.0,False,10.0,555.0,0.4660000801086426,1.249000072479248,0.3660001754760742,0.999000072479248
208,58,narrow_high,wide_low,narrow_high,narrow_high,0.3043025202044027,4.0,4.0,1.0,False,14.0,569.0,0.8000001907348633,1.381999969482422,1.0320000648498535,1.5980002880096436
208,59,narrow_high,narrow_high,wide_high,narrow_high,0.3032051107701669,6.0,4.0,1.0,False,14.0,583.0,0.3329999446868896,0.998999834060669,0.8499999046325684,1.7160000801086426
208,60,wide_low,wide_high,wide_low,wide_low,0.2176507626770426,6.0,4.0,0.0,False,0.0,583.0,0.5999999046325684,1.2149996757507324,0.749000072479248,1.434000015258789
208,61,narrow_low,wide_low,narrow_low,narrow_low,0.1982354807714265,6.0,5.0,1.0,False,10.0,593.0,0.3660001754760742,0.9150002002716064,0.2000000476837158,0.8320000171661377
208,62,narrow_low,narrow_high,narrow_low,narrow_low,0.1852552842861291,6.0,5.0,1.0,False,10.0,603.0,0.7820000648498535,1.3480000495910645,1.1659998893737793,1.6659998893737793
208,63,narrow_low,wide_high,narrow_low,narrow_low,0.214055354164561,6.0,5.0,1.0,False,10.0,613.0,0.4659998416900635,1.5139997005462646,0.2999999523162842,0.9149997234344482
208,64,narrow_low,narrow_low,wide_high,narrow_low,0.2215223349947564,6.0,5.0,1.0,False,10.0,623.0,0.4320001602172851,1.1649999618530271,1.0,1.6659998893737793
208,65,wide_low,wide_low,wide_high,wide_low,0.1276182805196956,6.0,4.0,1.0,False,11.0,634.0,0.3330001831054687,1.0490000247955322,0.749000072479248,1.3320000171661377
208,66,narrow_low,narrow_low,narrow_high,narrow_low,0.2111973182321702,5.0,5.0,1.0,False,10.0,644.0,0.5830001831054688,1.2819998264312744,0.2000000476837158,0.8999998569488525
208,67,narrow_high,wide_high,narrow_high,narrow_high,0.3354515116581287,6.0,4.0,0.0,False,0.0,644.0,0.3830001354217529,1.0150001049041748,1.065999984741211,1.6480000019073486
208,68,narrow_low,wide_low,narrow_low,narrow_low,0.2033463579191762,6.0,5.0,1.0,False,10.0,654.0,0.4330003261566162,0.9650001525878906,0.182999849319458,0.681999921798706
208,69,narrow_high,wide_high,narrow_high,narrow_high,0.3210146980577013,5.0,3.0,0.0,False,0.0,654.0,0.31600022315979,0.9650001525878906,0.5490000247955322,1.2149999141693115
208,70,narrow_low,wide_low,narrow_low,narrow_low,0.2367244143666099,6.0,5.0,1.0,False,10.0,664.0,0.3500001430511474,0.999000072479248,0.6159999370574951,1.181999683380127
208,71,wide_low,narrow_high,wide_low,wide_low,0.1913116624148077,4.0,4.0,1.0,False,11.0,675.0,1.5479998588562012,2.313999891281128,1.0160000324249268,1.5980002880096436
208,72,narrow_low,narrow_low,wide_high,narrow_low,0.2164386877521639,6.0,5.0,1.0,False,10.0,685.0,0.3320000171661377,0.9470000267028807,0.3159999847412109,0.9150002002716064
208,73,narrow_high,wide_high,narrow_high,narrow_high,0.2965521429082906,5.0,3.0,1.0,False,14.0,699.0,2.2159998416900635,2.680999994277954,1.0990002155303955,1.6150000095367432
208,74,wide_low,wide_high,wide_low,wide_low,0.214167173519525,6.0,4.0,1.0,False,11.0,710.0,0.3329999446868896,0.8989996910095215,0.5,2.431999921798706
208,75,narrow_high,narrow_high,wide_high,narrow_high,0.2807095198079837,5.0,3.0,1.0,False,14.0,724.0,0.8320000171661377,1.4479999542236328,0.7170000076293945,1.5329999923706057
208,76,narrow_high,wide_high,narrow_high,narrow_high,0.3106691234280199,5.0,3.0,0.0,False,0.0,724.0,0.4320001602172851,1.065000057220459,0.4500000476837158,1.1489999294281006
208,77,wide_low,narrow_high,wide_low,wide_low,0.1426601697194463,5.0,4.0,1.0,False,11.0,735.0,0.5830001831054688,1.199000120162964,0.3829998970031738,0.998999834060669
208,78,narrow_low,wide_low,narrow_low,narrow_low,0.2301392716576546,5.0,5.0,1.0,False,10.0,745.0,0.3829998970031738,0.9650001525878906,0.3990001678466797,0.9819998741149902
208,79,narrow_low,narrow_low,narrow_high,narrow_low,0.20689224746241,5.0,5.0,1.0,False,10.0,755.0,0.3660001754760742,0.9810001850128174,0.7829997539520264,1.3989999294281006
208,80,narrow_low,wide_low,narrow_low,narrow_low,0.2336874513680595,4.0,5.0,0.0,False,0.0,755.0,3.4820001125335693,4.115000009536743,0.3829998970031738,1.065999984741211
208,81,wide_low,wide_low,narrow_high,wide_low,0.2228616923475764,5.0,4.0,1.0,False,11.0,766.0,1.748999834060669,2.447999954223633,0.4830000400543213,1.0989999771118164
208,82,narrow_high,wide_high,narrow_high,narrow_high,0.2599706942694363,5.0,3.0,1.0,False,14.0,780.0,0.434000015258789,1.1489999294281006,1.0,1.5489997863769531
208,83,wide_low,wide_low,narrow_high,wide_low,0.1923400083084587,4.0,4.0,1.0,False,11.0,791.0,4.764999866485596,5.648000001907349,1.565999984741211,2.115999937057495
208,84,wide_low,narrow_high,wide_low,wide_low,0.3130333279382147,5.0,4.0,0.0,False,0.0,791.0,0.3329999446868896,0.9660003185272216,0.9499998092651368,1.565999984741211
208,85,narrow_low,narrow_low,wide_high,narrow_low,0.182608357343938,6.0,5.0,0.0,False,0.0,791.0,0.499000072479248,1.0820000171661377,0.3499999046325683,0.999000072479248
208,86,wide_low,wide_low,narrow_high,wide_low,0.2273562786226713,5.0,4.0,1.0,False,11.0,802.0,1.4489998817443848,2.0980000495910645,0.4670000076293945,1.0829999446868896
208,87,narrow_low,narrow_low,wide_high,narrow_low,0.2215778983240262,6.0,5.0,1.0,False,10.0,812.0,0.5320000648498535,1.180999994277954,0.3329999446868896,1.065000057220459
208,88,narrow_low,narrow_low,wide_low,narrow_low,0.1829335188468839,6.0,5.0,1.0,False,10.0,822.0,0.8490002155303955,1.4650001525878906,1.182999849319458,2.115000009536743
208,89,narrow_high,wide_high,narrow_high,narrow_high,0.3126223119555139,5.0,3.0,0.0,False,0.0,822.0,1.3489999771118164,1.9479999542236328,0.5330002307891846,1.4159998893737793
208,90,wide_low,wide_high,wide_low,wide_low,0.2464204334191821,6.0,4.0,1.0,False,11.0,833.0,0.382000207901001,1.0320000648498535,0.7329998016357422,1.4159998893737793
208,91,narrow_low,narrow_low,wide_high,narrow_low,0.2295859131933545,6.0,5.0,1.0,False,10.0,843.0,0.3329999446868896,0.9149999618530272,0.8159999847412109,1.4160001277923584
208,92,narrow_high,narrow_high,wide_high,narrow_high,0.3369778126667949,5.0,3.0,0.0,False,0.0,843.0,0.3819999694824219,1.0149998664855957,0.4160001277923584,1.299000263214111
208,93,narrow_low,wide_low,narrow_low,narrow_low,0.1973071631091414,5.0,5.0,1.0,False,10.0,853.0,1.4160001277923584,2.266000270843506,1.0500001907348633,1.816999912261963
208,94,narrow_low,narrow_low,narrow_high,narrow_low,0.2073925954738777,4.0,4.0,1.0,False,10.0,863.0,1.6810002326965332,2.3480002880096436,0.8489999771118164,1.3990001678466797
208,95,narrow_low,narrow_low,wide_high,narrow_low,0.2191243929564713,6.0,5.0,1.0,False,10.0,873.0,0.4330000877380371,0.9649999141693116,0.3989999294281006,2.447999954223633
208,96,narrow_high,wide_high,narrow_high,narrow_high,0.2991010231119592,5.0,3.0,1.0,False,14.0,887.0,0.3340001106262207,1.0150001049041748,0.4670000076293945,1.1159999370574951
208,97,narrow_high,wide_high,narrow_high,narrow_high,0.2442608355532814,5.0,3.0,0.0,False,0.0,887.0,0.3659999370574951,0.949000120162964,0.6330001354217529,1.2820000648498535
208,98,wide_low,wide_high,wide_low,wide_low,0.2410264907997244,6.0,4.0,1.0,False,11.0,898.0,0.3490002155303955,0.9150002002716064,0.3329999446868896,0.949000120162964
208,99,narrow_high,wide_high,narrow_high,narrow_high,0.2924223573123692,5.0,3.0,0.0,False,0.0,898.0,0.3660001754760742,0.9650003910064696,0.184000015258789,0.9499998092651368
208,100,narrow_high,wide_high,narrow_high,narrow_high,0.2867577730124513,5.0,3.0,1.0,False,14.0,912.0,0.3490002155303955,0.9150002002716064,0.3499999046325683,1.0490000247955322
208,101,narrow_high,wide_high,narrow_high,narrow_high,0.2811566687319572,5.0,3.0,1.0,False,14.0,926.0,0.7819998264312744,1.497999906539917,1.6659998893737793,2.431999921798706
208,102,narrow_low,wide_high,narrow_low,narrow_low,0.2237859921631295,6.0,5.0,1.0,False,10.0,936.0,0.4659998416900635,1.0819997787475586,0.4159998893737793,1.0489997863769531
208,103,wide_low,wide_high,wide_low,wide_low,0.2705049539781955,5.0,4.0,1.0,False,11.0,947.0,2.3979997634887695,3.1640000343322754,0.4670000076293945,1.133000135421753
208,104,narrow_low,narrow_high,narrow_low,narrow_low,0.2263169507880053,5.0,5.0,1.0,False,10.0,957.0,0.4000000953674316,0.948000192642212,0.3490002155303955,0.949000120162964
208,105,wide_low,narrow_high,wide_low,wide_low,0.2311893844236001,4.0,4.0,1.0,False,11.0,968.0,1.948000192642212,2.5980002880096436,0.4000000953674316,0.9489998817443848
208,106,narrow_high,wide_high,narrow_high,narrow_high,0.3039404730544263,5.0,3.0,1.0,False,14.0,982.0,1.8989999294281008,2.614999771118164,0.4170000553131103,1.1160001754760742
208,107,wide_low,wide_low,wide_high,wide_low,0.2200630389085818,5.0,4.0,1.0,False,11.0,993.0,0.932999849319458,1.5320000648498535,0.7669999599456787,1.8980002403259275
208,108,wide_low,narrow_high,wide_low,wide_low,0.2711654292851118,5.0,4.0,1.0,False,11.0,1004.0,1.5490000247955322,2.4649999141693115,1.7329998016357422,2.3489997386932373
211,1,narrow_high,narrow_low,narrow_high,narrow_high,0.309440908251335,6.0,4.0,0.0,False,0.0,0.0,5.901000022888184,7.284000158309936,7.450000047683716,8.598999977111816
211,2,wide_low,wide_low,narrow_high,wide_low,0.0958575853249569,5.0,4.0,1.0,False,11.0,11.0,2.299999713897705,4.381999731063843,4.732999801635742,5.948999881744385
211,3,wide_high,narrow_high,wide_high,wide_high,0.2420048195895659,4.0,4.0,1.0,False,18.0,29.0,4.58299994468689,7.614999771118164,2.7669999599456787,5.664999961853027
211,4,wide_high,wide_high,wide_low,wide_high,0.2897260357004406,5.0,4.0,1.0,False,18.0,47.0,6.117000102996826,8.366000175476074,2.4509997367858887,3.5989997386932373
211,5,wide_low,wide_low,wide_high,wide_low,0.2352410780764897,6.0,4.0,1.0,False,11.0,58.0,4.098999977111816,5.29800009727478,3.899999856948853,5.614999771118164
211,6,wide_low,wide_low,narrow_high,wide_low,0.1797823841680928,4.0,5.0,1.0,False,11.0,69.0,3.3329999446868896,4.547999858856201,2.56600022315979,4.382000207901001
211,7,narrow_low,narrow_low,narrow_high,narrow_low,0.2158479400650396,5.0,6.0,1.0,False,10.0,79.0,8.031000137329102,9.21399998664856,2.6499998569488525,4.332000017166138
211,8,narrow_low,wide_low,narrow_low,narrow_low,0.2357417318541134,4.0,5.0,0.0,False,0.0,79.0,4.215000152587891,5.197999954223633,1.4690001010894775,2.5830001831054688
211,9,wide_low,wide_low,narrow_low,wide_low,0.2020828713287879,5.0,5.0,0.0,False,0.0,79.0,1.8999998569488523,2.917999744415283,2.2159998416900635,3.6989998817443848
211,10,narrow_high,narrow_low,narrow_high,narrow_high,0.3225633169412966,5.0,4.0,0.0,False,0.0,79.0,1.8659999370574951,3.8989999294281006,2.0999999046325684,3.315999984741211
211,11,wide_low,wide_high,wide_low,wide_low,0.2120670376139107,4.0,5.0,1.0,False,11.0,90.0,3.3989999294281006,5.4649999141693115,1.6160001754760742,2.2769999504089355
211,12,wide_low,wide_low,narrow_low,wide_low,0.198352893519542,4.0,6.0,0.0,False,0.0,90.0,2.5329999923706055,4.632000207901001,1.614999771118164,2.8980000019073486
211,13,narrow_low,wide_low,narrow_low,narrow_low,0.202381138720434,4.0,5.0,1.0,False,10.0,100.0,3.3990001678466797,4.210000276565552,1.134000301361084,2.383000135421753
211,14,narrow_high,narrow_high,wide_high,narrow_high,0.3138415735870185,3.0,3.0,0.0,False,0.0,100.0,7.716000080108643,8.782000064849854,3.2170000076293945,3.565999984741211
211,15,wide_low,wide_low,wide_high,wide_low,0.2064854693148282,4.0,5.0,0.0,False,0.0,100.0,6.631999969482422,7.548999786376953,2.549999952316284,3.3329999446868896
211,16,narrow_low,narrow_high,narrow_low,narrow_low,0.2434099977567758,6.0,5.0,1.0,False,10.0,110.0,3.0819997787475586,4.615000009536743,0.7340002059936523,1.9660000801086424
211,17,narrow_low,wide_high,narrow_low,narrow_low,0.245271423177961,4.0,4.0,1.0,False,10.0,120.0,2.565999984741211,4.114999771118164,1.0339999198913574,1.432999849319458
211,18,narrow_low,wide_high,narrow_low,narrow_low,0.1913356725050065,4.0,6.0,1.0,False,10.0,130.0,2.0830001831054688,3.299000024795532,0.8819999694824219,1.8650000095367432
211,19,narrow_high,narrow_low,narrow_high,narrow_high,0.2824555983901154,4.0,5.0,1.0,False,14.0,144.0,1.8500001430511477,2.8990001678466797,1.116999864578247,2.4819998741149902
211,20,narrow_high,narrow_high,wide_low,narrow_high,0.2697649140809353,3.0,4.0,1.0,False,14.0,158.0,2.3499999046325684,3.815000057220459,1.449000358581543,2.0320000648498535
211,21,wide_low,narrow_low,wide_low,wide_low,0.166966856347811,6.0,5.0,1.0,False,11.0,169.0,3.450000286102295,5.06600022315979,2.383000135421753,2.9820001125335693
211,22,wide_low,narrow_low,wide_low,wide_low,0.1456160769722077,6.0,4.0,1.0,False,11.0,180.0,2.4489998817443848,3.181999921798706,1.6670000553131104,2.683000087738037
211,23,wide_high,wide_high,wide_low,wide_high,0.2821647235856732,5.0,3.0,1.0,False,18.0,198.0,9.648000001907349,10.847000122070312,1.2829999923706057,2.2829999923706055
211,24,narrow_high,narrow_high,wide_high,narrow_high,0.2847297231046364,4.0,3.0,1.0,False,14.0,212.0,5.550999641418457,6.9649999141693115,2.700000286102295,3.0320000648498535
211,25,wide_low,narrow_high,wide_low,wide_low,0.1200306912776983,6.0,5.0,1.0,False,11.0,223.0,2.867000102996826,3.565999984741211,1.3510000705718994,2.434000015258789
211,26,narrow_low,wide_low,narrow_low,narrow_low,0.2123217916438846,5.0,6.0,1.0,False,10.0,233.0,3.0989999771118164,3.9149999618530273,1.986999988555908,2.5319998264312744
211,27,wide_low,narrow_low,wide_low,wide_low,0.225843360658407,5.0,5.0,0.0,False,0.0,233.0,2.8989999294281006,3.5319998264312744,0.7839999198913574,1.2829999923706057
211,28,wide_high,wide_high,wide_low,wide_high,0.2706453367334294,3.0,2.0,0.0,False,0.0,233.0,2.298999786376953,5.06499981880188,3.615999937057495,4.301999807357788
211,29,wide_low,narrow_low,wide_low,wide_low,0.2340933876757922,4.0,5.0,1.0,False,11.0,244.0,2.115999937057495,4.164999961853027,1.4010000228881836,2.5989999771118164
211,30,narrow_high,wide_high,narrow_high,narrow_high,0.3066177636476692,4.0,6.0,1.0,False,14.0,258.0,1.8989996910095217,3.3819997310638428,1.4499998092651367,2.414999723434448
211,31,wide_high,wide_high,wide_low,wide_high,0.293715032483394,5.0,6.0,1.0,False,18.0,276.0,1.8489997386932373,2.9489998817443848,2.700000047683716,3.848999977111816
211,32,narrow_low,wide_low,narrow_low,narrow_low,0.213774449264062,5.0,6.0,1.0,False,10.0,286.0,1.9659998416900637,3.0829999446868896,2.067000150680542,4.883000135421753
211,33,narrow_high,narrow_high,wide_high,narrow_high,0.2878635380633135,4.0,5.0,0.0,False,0.0,286.0,2.248999834060669,3.447999954223633,1.6660001277923584,3.065000057220459
211,34,narrow_high,narrow_high,wide_low,narrow_high,0.3373653236969703,4.0,5.0,0.0,False,0.0,286.0,1.999000072479248,2.63100004196167,1.431999921798706,2.5149996280670166
211,35,wide_high,narrow_high,wide_high,wide_high,0.1721058078791529,4.0,6.0,1.0,False,18.0,304.0,2.749999761581421,7.497999906539917,5.2170000076293945,6.664999961853027
211,36,narrow_low,narrow_high,narrow_low,narrow_low,0.1907764418333953,5.0,6.0,1.0,False,10.0,314.0,1.8659999370574951,3.96399998664856,2.434000015258789,3.6989998817443848
211,37,wide_high,narrow_low,wide_high,wide_high,0.2164959659438706,3.0,5.0,1.0,False,18.0,332.0,2.799999952316284,3.7820003032684326,0.7170000076293945,2.8490002155303955
211,38,wide_low,wide_high,wide_low,wide_low,0.1676204460138781,4.0,5.0,1.0,False,11.0,343.0,2.249999761581421,4.214999675750732,0.7730000019073486,2.3329999446868896
211,39,wide_high,wide_high,wide_low,wide_high,0.2396222993821635,4.0,6.0,1.0,False,18.0,361.0,2.232999801635742,2.8989999294281006,1.4830000400543213,2.4159998893737793
211,40,wide_low,narrow_low,wide_low,wide_low,0.2254076698456578,5.0,6.0,1.0,False,11.0,372.0,1.9670000076293943,3.115000009536743,0.5,1.36899995803833
211,41,narrow_high,narrow_low,narrow_high,narrow_high,0.2705392614710775,4.0,5.0,1.0,False,14.0,386.0,2.2660000324249268,3.2320001125335693,1.1170001029968262,2.7660000324249268
211,42,wide_low,wide_high,wide_low,wide_low,0.2837967328606287,4.0,5.0,1.0,False,11.0,397.0,2.115999937057495,3.199000120162964,1.0330002307891846,2.5320003032684326
211,43,wide_low,wide_high,wide_low,wide_low,0.2497822558660702,4.0,6.0,0.0,False,0.0,397.0,1.934000253677368,3.3320000171661377,0.5829999446868896,1.5989999771118164
211,44,narrow_high,narrow_high,wide_low,narrow_high,0.302715604085178,4.0,5.0,0.0,False,0.0,397.0,3.299000024795532,4.547999858856201,0.0829999446868896,1.0490000247955322
211,45,narrow_high,wide_high,narrow_high,narrow_high,0.3003513002180566,3.0,5.0,1.0,False,14.0,411.0,2.7660000324249268,3.815000057220459,1.2000000476837158,2.0990002155303955
211,46,narrow_high,narrow_high,narrow_low,narrow_high,0.3177264243261179,4.0,5.0,0.0,False,0.0,411.0,2.0160000324249268,4.615000009536743,1.000999927520752,2.3819997310638428
211,47,narrow_high,wide_high,narrow_high,narrow_high,0.3103276507086651,4.0,5.0,1.0,False,14.0,425.0,2.0990002155303955,2.998000144958496,0.8340001106262207,1.881999969482422
211,48,narrow_high,wide_high,narrow_high,narrow_high,0.3068030214375032,6.0,5.0,1.0,False,14.0,439.0,6.016999959945679,7.497999906539917,0.932999849319458,2.1419997215270996
211,49,narrow_high,narrow_low,narrow_high,narrow_high,0.3107943947575853,4.0,6.0,0.0,False,0.0,439.0,2.2829999923706055,3.2249999046325684,1.7009999752044678,2.5739998817443848
211,50,narrow_high,narrow_low,narrow_high,narrow_high,0.2950048321020658,3.0,5.0,0.0,False,0.0,439.0,3.2660000324249268,4.13100004196167,0.4830000400543213,1.2990000247955322
211,51,narrow_low,narrow_low,narrow_high,narrow_low,0.229354927059269,5.0,6.0,1.0,False,10.0,449.0,1.383000135421753,2.1650002002716064,0.4500000476837158,1.25
211,52,narrow_high,wide_high,narrow_high,narrow_high,0.2796138365646828,4.0,5.0,0.0,False,0.0,449.0,2.068000078201294,2.949000120162964,0.6499998569488525,1.6659998893737793
211,53,wide_low,wide_low,narrow_high,wide_low,0.2304664386213875,4.0,5.0,1.0,False,11.0,460.0,2.249999761581421,3.9819998741149902,0.9670002460479736,2.515000104904175
211,54,narrow_low,wide_high,narrow_low,narrow_low,0.2099190385538283,4.0,6.0,1.0,False,10.0,470.0,2.431999921798706,3.630999803543091,1.1679999828338623,2.4820001125335693
211,55,wide_high,narrow_low,wide_high,wide_high,0.3958762577429341,5.0,6.0,0.0,False,0.0,470.0,1.6499998569488523,2.631999969482422,1.365999698638916,2.298999786376953
211,56,narrow_high,wide_low,narrow_high,narrow_high,0.2538932256639574,4.0,5.0,1.0,False,14.0,484.0,2.882000207901001,5.247999906539917,2.750999927520752,3.699000120162964
211,57,wide_high,wide_low,wide_high,wide_high,0.3071104422913017,4.0,6.0,1.0,False,18.0,502.0,1.9820001125335691,2.997999906539917,1.057999849319458,1.8329999446868896
211,58,narrow_high,wide_high,narrow_high,narrow_high,0.3104308063461332,4.0,5.0,0.0,False,0.0,502.0,1.8329999446868896,2.882000207901001,0.944999933242798,2.3439998626708984
211,59,wide_low,narrow_high,wide_low,wide_low,0.2254949446361363,4.0,5.0,1.0,False,11.0,513.0,1.8329999446868896,2.6659998893737793,0.6989998817443848,1.4819998741149902
211,60,narrow_high,narrow_high,wide_low,narrow_high,0.3113646387974113,3.0,5.0,0.0,False,0.0,513.0,1.5830001831054688,2.297999858856201,0.8339998722076416,1.5820002555847168
211,61,wide_high,wide_low,wide_high,wide_high,0.2438203406427416,4.0,6.0,1.0,False,18.0,531.0,1.8489999771118164,3.0149998664855957,1.5830001831054688,2.4820001125335693
211,62,wide_low,wide_high,wide_low,wide_low,0.1892616158123477,4.0,5.0,1.0,False,11.0,542.0,1.7819998264312744,2.1649999618530273,1.3329999446868896,2.0819997787475586
211,63,wide_high,narrow_low,wide_high,wide_high,0.2885781367718758,4.0,6.0,1.0,False,18.0,560.0,1.8670001029968264,2.699000120162964,0.567000150680542,1.3660001754760742
211,64,narrow_low,wide_low,narrow_low,narrow_low,0.2046656301967794,6.0,6.0,1.0,False,10.0,570.0,4.016000032424927,4.865000247955322,1.2350001335144043,1.9660000801086424
211,65,narrow_high,narrow_low,narrow_high,narrow_high,0.2906316321962781,3.0,6.0,1.0,False,14.0,584.0,3.049000024795532,4.008000135421753,1.312999963760376,2.055999994277954
211,66,wide_low,narrow_low,wide_low,wide_low,0.2618254574778476,4.0,6.0,1.0,False,11.0,595.0,2.6489999294281006,3.2649998664855957,1.7159998416900637,2.0989999771118164
211,67,narrow_high,narrow_high,wide_low,narrow_high,0.2792404110485288,5.0,6.0,0.0,False,0.0,595.0,1.7330000400543213,2.3489999771118164,1.3839998245239258,2.132999897003174
211,68,narrow_low,narrow_low,narrow_high,narrow_low,0.1860142350648333,4.0,4.0,0.0,False,0.0,595.0,2.7819998264312744,3.597999811172486,0.0329997539520263,1.248999834060669
211,69,narrow_high,narrow_low,narrow_high,narrow_high,0.3175915354163933,3.0,3.0,0.0,False,0.0,595.0,1.7829999923706057,2.56499981880188,0.9159998893737792,1.4819998741149902
211,70,narrow_low,wide_high,narrow_low,narrow_low,0.2244769694982547,3.0,4.0,1.0,False,10.0,605.0,29.36500024795532,30.46399998664856,2.1000001430511475,2.9659998416900635
211,71,wide_high,narrow_low,wide_high,wide_high,0.1935537508172305,3.0,5.0,1.0,False,18.0,623.0,6.4070000648498535,7.131999969482422,0.7999999523162842,1.6589996814727783
211,72,wide_low,narrow_low,wide_low,wide_low,0.0512953450539493,4.0,5.0,1.0,False,11.0,634.0,2.2829997539520264,3.248999834060669,0.182999849319458,0.9819998741149902
211,73,wide_low,narrow_low,wide_low,wide_low,0.2963614990215764,4.0,4.0,1.0,False,11.0,645.0,2.633000135421753,4.149000406265259,0.3169999122619629,1.1329998970031738
211,74,wide_low,narrow_high,wide_low,wide_low,0.1457268786584853,3.0,4.0,1.0,False,11.0,656.0,2.182000160217285,2.8490002155303955,0.0430002212524414,0.8489999771118164
211,75,wide_high,narrow_high,wide_high,wide_high,0.4374767721322558,4.0,5.0,0.0,False,0.0,656.0,1.7999999523162842,2.6490001678466797,1.0,1.4160001277923584
211,76,narrow_high,narrow_low,narrow_high,narrow_high,0.288014166534776,4.0,4.0,1.0,False,14.0,670.0,1.7999999523162842,2.8489997386932373,0.0290000438690185,0.8489999771118164
211,77,wide_low,narrow_high,wide_low,wide_low,0.1110815324125102,4.0,5.0,1.0,False,11.0,681.0,1.5829999446868896,2.615000009536743,1.1500000953674316,2.0160000324249268
211,78,wide_low,narrow_high,wide_low,wide_low,0.2194306108193831,4.0,4.0,1.0,False,11.0,692.0,1.699000120162964,2.582000255584717,0.0300002098083496,0.6329998970031738
211,79,narrow_high,wide_low,narrow_high,narrow_high,0.2946860851673477,5.0,5.0,1.0,False,14.0,706.0,1.6159999370574951,2.4489998817443848,0.949000358581543,2.1490001678466797
211,80,wide_low,narrow_high,wide_low,wide_low,0.235548305812527,4.0,6.0,0.0,False,0.0,706.0,1.6329998970031738,2.4160001277923584,1.0,1.383000135421753
211,81,wide_low,narrow_low,wide_low,wide_low,0.3222114355566404,5.0,5.0,0.0,False,0.0,706.0,1.5269999504089355,2.3600001335144043,0.0290002822875976,0.6770002841949463
211,82,wide_low,narrow_high,wide_low,wide_low,0.2301778648678283,4.0,6.0,1.0,False,11.0,717.0,2.8819997310638428,3.5980000495910645,0.3500001430511474,1.1160001754760742
211,83,narrow_high,narrow_low,narrow_high,narrow_high,0.3116423280376337,5.0,6.0,0.0,False,0.0,717.0,1.8439998626708984,2.949000120162964,0.0329999923706054,0.4660003185272217
211,84,wide_low,wide_high,wide_low,wide_low,0.156860461350747,5.0,5.0,0.0,False,0.0,717.0,1.616999864578247,2.2649998664855957,0.057999849319458,2.681999921798706
211,85,narrow_high,wide_high,narrow_high,narrow_high,0.2961970772603833,5.0,5.0,1.0,False,14.0,731.0,1.499000072479248,2.4150002002716064,1.1000001430511477,2.0
211,86,wide_low,narrow_high,wide_low,wide_low,0.2908692983947908,6.0,6.0,0.0,False,0.0,731.0,1.6660001277923584,2.2820000648498535,1.1340000629425049,1.9320001602172852
211,87,wide_high,narrow_high,wide_high,wide_high,0.3516832307799937,4.0,6.0,0.0,False,0.0,731.0,2.048999786376953,4.681999921798706,1.6509997844696045,2.7160000801086426
211,88,narrow_low,wide_high,narrow_low,narrow_low,0.1975901882479881,5.0,5.0,0.0,False,0.0,731.0,3.6489999294281006,4.914999723434448,1.5339996814727783,2.49899959564209
211,89,narrow_high,wide_low,narrow_high,narrow_high,0.3147043751167063,5.0,5.0,0.0,False,0.0,731.0,2.2330002784729004,3.315000057220459,1.0840001106262207,2.06600022315979
211,90,narrow_low,wide_high,narrow_low,narrow_low,0.1776618056131376,4.0,5.0,1.0,False,10.0,741.0,2.132999897003174,3.0989997386932373,2.065999984741211,3.049000024795532
211,91,narrow_high,wide_high,narrow_high,narrow_high,0.2843939781125477,4.0,5.0,1.0,False,14.0,755.0,1.8660001754760744,2.765000104904175,0.8670001029968262,1.5500001907348633
211,92,narrow_high,wide_low,narrow_high,narrow_high,0.3142022493770343,5.0,5.0,0.0,False,0.0,755.0,1.4670000076293943,2.181999921798706,0.0320000648498535,0.998999834060669
211,93,wide_low,narrow_high,wide_low,wide_low,0.1354852272506977,5.0,5.0,1.0,False,11.0,766.0,1.5720000267028809,2.388000011444092,0.0290000438690185,0.7650001049041748
211,94,narrow_high,narrow_high,narrow_low,narrow_high,0.29232363972874,4.0,4.0,1.0,False,14.0,780.0,2.499000072479248,3.3320000171661377,0.0239999294281005,0.7800002098083496
211,95,wide_high,wide_low,wide_high,wide_high,0.2497564872395166,5.0,6.0,0.0,False,0.0,780.0,1.7329998016357422,2.9149999618530273,0.1659998893737793,0.9819998741149902
211,96,wide_low,narrow_low,wide_low,wide_low,0.1859296823385095,4.0,5.0,1.0,False,11.0,791.0,2.4170002937316895,3.3490002155303955,1.753999948501587,2.615999937057495
211,97,narrow_high,narrow_low,narrow_high,narrow_high,0.307527907620725,5.0,6.0,0.0,False,0.0,791.0,1.7000000476837158,2.5989999771118164,0.2840001583099365,1.0330002307891846
211,98,narrow_high,wide_low,narrow_high,narrow_high,0.3229218862814605,5.0,5.0,0.0,False,0.0,791.0,1.5499999523162842,2.2660000324249268,0.0279996395111084,0.5819997787475586
211,99,wide_low,wide_low,narrow_high,wide_low,0.2016284989811522,4.0,4.0,1.0,False,11.0,802.0,2.116999864578247,2.432999849319458,0.0499999523162841,0.6489999294281006
211,100,narrow_high,wide_high,narrow_high,narrow_high,0.276478118581191,3.0,3.0,1.0,False,14.0,816.0,2.2660000324249268,3.131999969482422,0.0490000247955322,0.7830002307891846
211,101,wide_low,narrow_low,wide_low,wide_low,0.2641513648650418,4.0,6.0,0.0,False,0.0,816.0,1.8489999771118164,2.381999969482422,0.1660001277923584,0.6159999370574951
211,102,wide_high,narrow_low,wide_high,wide_high,0.3838622826749523,5.0,6.0,0.0,False,0.0,816.0,1.950000047683716,2.582000255584717,0.116999864578247,0.75
211,103,narrow_low,wide_low,narrow_low,narrow_low,0.1985831586901205,5.0,6.0,1.0,False,10.0,826.0,1.433000087738037,2.4819998741149902,2.0,3.4819998741149902
211,104,wide_high,narrow_high,wide_high,wide_high,0.3286927210674482,5.0,6.0,0.0,False,0.0,826.0,1.3829998970031738,2.3329999446868896,1.0,1.7160000801086426
211,105,wide_high,narrow_high,wide_high,wide_high,0.195403132346096,5.0,5.0,1.0,False,18.0,844.0,2.9160001277923584,4.644000053405762,1.5,2.248999834060669
211,106,wide_high,narrow_high,wide_high,wide_high,0.3361180093405387,4.0,6.0,0.0,False,0.0,844.0,1.6659998893737793,2.3819997310638428,0.6499998569488525,1.3650000095367432
211,107,narrow_high,wide_high,narrow_high,narrow_high,0.3034809227514732,4.0,6.0,0.0,False,0.0,844.0,1.6989998817443848,2.365000009536743,0.3170003890991211,0.949000358581543
211,108,wide_high,narrow_low,wide_high,wide_high,0.2723507633165897,2.0,4.0,1.0,False,18.0,862.0,1.6089999675750732,2.1150002479553223,0.2669999599456787,0.9820001125335692
